GEO.acboost.a_drop.cd,0.999000,
GEO.acboost.acbst.Npump,-999.000000,
GEO.acboost.acbst.a,0.075000,
GEO.acboost.acbst.b,-1.590000,
GEO.acboost.acbst.c,-102.000000,
GEO.acboost.acbst.d,0.000000,
GEO.acboost.acbst.r1,0.000000,
GEO.acboost.acbst.r2,2.000000,
GEO.acboost.acbst.tau,0.001270,
GEO.acboost.acbst.w1,0.000000,
GEO.acboost.acbst.w2,1.000000,
GEO.acboost.acmbst.a,0.116000,
GEO.acboost.acmbst.b,0.000000,
GEO.acboost.acmbst.c,0.000000,
GEO.acboost.acmbst.d,0.000000,
GEO.acboost.acmbst.r1,0.000000,
GEO.acboost.acmbst.r2,2.000000,
GEO.acboost.acmbst.tau,0.001270,
GEO.acboost.acmbst.w1,1.000000,
GEO.acboost.acmbst.w2,1.000000,
GEO.acboost.lengine.a,2.922499,
GEO.acboost.lengine.c,100.000000,
GEO.acboost.lengine.l,49.213000,
GEO.acboost.lengine.n,9.000000,
GEO.acboost.lengine.vol,143.824932,
GEO.acboost.ltank.a,2.805521,
GEO.acboost.ltank.c,100.000000,
GEO.acboost.ltank.l,0.100000,
GEO.acboost.ltank.n,1.000000,
GEO.acboost.ltank.vol,0.280552,
GEO.acboost.motor.Ap,0.038158,
GEO.acboost.motor.Dp,0.220419,
GEO.acboost.motor.cd,0.610000,
GEO.acboost.motor.dp,120.000000,
GEO.acboost.motor.dpSize,120.000000,
GEO.acboost.motor.sgSize,0.750000,
GEO.acboost.motor.wf,4200.000000,
GEO.acboost.motor.wfSize,4200.000000,
GEO.acboostg.a_drop.Ao,0.388931,
GEO.acboostg.a_drop.Do,0.703706,
GEO.acboostg.a_drop.cd,1.000000,
GEO.acboostg.a_drop.dp,2.000000,
GEO.acboostg.a_drop.dpSize,2.000000,
GEO.acboostg.a_drop.sgSize,0.750000,
GEO.acboostg.a_drop.wf,9060.000000,
GEO.acboostg.a_drop.wfSize,9060.000000,
GEO.acboostg.acbst.Npump,13000.000000,
GEO.acboostg.acbst.a,0.005500,
GEO.acboostg.acbst.b,-4.890000,
GEO.acboostg.acbst.c,-1.237000,
GEO.acboostg.acbst.d,0.000000,
GEO.acboostg.acbst.r1,0.000000,
GEO.acboostg.acbst.r2,6.000000,
GEO.acboostg.acbst.tau,0.001270,
GEO.acboostg.acbst.w1,0.000000,
GEO.acboostg.acbst.w2,2.500000,
GEO.acboostg.lengine.a,2.922499,
GEO.acboostg.lengine.c,0.000000,
GEO.acboostg.lengine.l,49.213000,
GEO.acboostg.lengine.n,9.000000,
GEO.acboostg.lengine.vol,143.824932,
GEO.acboostg.lextra.a,1.603815,
GEO.acboostg.lextra.c,0.000000,
GEO.acboostg.lextra.l,90.551000,
GEO.acboostg.lextra.n,15.000000,
GEO.acboostg.lextra.vol,145.227075,
GEO.acboostg.lmp1.a,2.805521,
GEO.acboostg.lmp1.c,0.000000,
GEO.acboostg.lmp1.l,13.780000,
GEO.acboostg.lmp1.n,3.000000,
GEO.acboostg.lmp1.vol,38.660076,
GEO.acboostg.lmp2.a,2.922499,
GEO.acboostg.lmp2.c,0.000000,
GEO.acboostg.lmp2.l,11.811000,
GEO.acboostg.lmp2.n,2.000000,
GEO.acboostg.lmp2.vol,34.517633,
GEO.acboostg.ltank.a,2.805521,
GEO.acboostg.ltank.c,0.000000,
GEO.acboostg.ltank.l,0.100000,
GEO.acboostg.ltank.n,1.000000,
GEO.acboostg.ltank.vol,0.280552,
GEO.acboostg.vo_pah.vol,200.000000,
GEO.acboosti.a_drop.cd,0.999000,
GEO.acboosti.acbst.Npump,-999.000000,
GEO.acboosti.acbst.a,0.075000,
GEO.acboosti.acbst.b,-1.590000,
GEO.acboosti.acbst.c,-102.000000,
GEO.acboosti.acbst.d,0.000000,
GEO.acboosti.acbst.r1,0.000000,
GEO.acboosti.acbst.r2,2.000000,
GEO.acboosti.acbst.tau,0.001270,
GEO.acboosti.acbst.w1,0.000000,
GEO.acboosti.acbst.w2,1.000000,
GEO.acboosti.acmbst.a,0.116000,
GEO.acboosti.acmbst.b,0.000000,
GEO.acboosti.acmbst.c,0.000000,
GEO.acboosti.acmbst.d,0.000000,
GEO.acboosti.acmbst.r1,0.000000,
GEO.acboosti.acmbst.r2,2.000000,
GEO.acboosti.acmbst.tau,0.001270,
GEO.acboosti.acmbst.w1,1.000000,
GEO.acboosti.acmbst.w2,1.000000,
GEO.acboosti.lengine.a,2.922499,
GEO.acboosti.lengine.c,100.000000,
GEO.acboosti.lengine.l,49.213000,
GEO.acboosti.lengine.n,9.000000,
GEO.acboosti.lengine.vol,143.824932,
GEO.acboosti.ltank.a,2.805521,
GEO.acboosti.ltank.c,100.000000,
GEO.acboosti.ltank.l,0.100000,
GEO.acboosti.ltank.n,1.000000,
GEO.acboosti.ltank.vol,0.280552,
GEO.acboosti.motor.Ap,0.038158,
GEO.acboosti.motor.Dp,0.220419,
GEO.acboosti.motor.cd,0.610000,
GEO.acboosti.motor.dp,120.000000,
GEO.acboosti.motor.dpSize,120.000000,
GEO.acboosti.motor.sgSize,0.750000,
GEO.acboosti.motor.wf,4200.000000,
GEO.acboosti.motor.wfSize,4200.000000,
GEO.c_d.Ao,0.079340,
GEO.c_d.cd,1.000000,
GEO.check.ad(1,:),-0.310000,0.000000,
GEO.check.ad(2,:),-0.000310,-0.000726,
GEO.check.ad(3,:),0.000000,0.000010,
GEO.check.ad(4,:),0.310000,0.736260,
GEO.check.ah(1,:),0.000000,0.000000,
GEO.check.ah(2,:),1.000000,0.000000,
GEO.check.ao,0.196350,
GEO.check.ax1,0.994020,
GEO.check.ax2,0.212372,
GEO.check.ax3,0.000000,
GEO.check.ax4,0.000000,
GEO.check.c,0.000000,
GEO.check.cd,0.680000,
GEO.check.cdo,0.700000,
GEO.check.cp,0.000000,
GEO.check.d,0.500000,
GEO.check.eps,0.000000,
GEO.check.fdyf,0.000000,
GEO.check.fspr,19.010000,
GEO.check.fstf,0.000000,
GEO.check.ks,40.700000,
GEO.check.ld,0.000000,
GEO.check.lh,0.000000,
GEO.check.m,0.038600,
GEO.check.ms,0.000000,
GEO.check.mv,0.038600,
GEO.check.sftd,0.000000,
GEO.check.sfth,0.000000,
GEO.check.vmax,1000.000000,
GEO.check.vmin,-1000.000000,
GEO.check.wd(1,:),-0.310000,0.000000,
GEO.check.wd(2,:),-0.000310,0.000000,
GEO.check.wd(3,:),0.000000,2.375000,
GEO.check.wd(4,:),0.310000,2.375000,
GEO.check.wh(1,:),0.000000,0.000000,
GEO.check.wh(2,:),1.000000,0.000000,
GEO.check.xmax,0.310000,
GEO.check.xmin,0.000000,
GEO.engboost.aboc.a,0.700000,
GEO.engboost.aboc.c,0.000000,
GEO.engboost.aboc.l,24.000000,
GEO.engboost.aboc.n,4.000000,
GEO.engboost.aboc.vol,16.800000,
GEO.engboost.fab.a,1.116667,
GEO.engboost.fab.c,100.000000,
GEO.engboost.fab.l,6.000000,
GEO.engboost.fab.n,1.000000,
GEO.engboost.fab.vol,6.700000,
GEO.engboost.faboc.a,0.700000,
GEO.engboost.faboc.c,100.000000,
GEO.engboost.faboc.l,30.000000,
GEO.engboost.faboc.n,3.000000,
GEO.engboost.faboc.vol,23.500000,
GEO.engboost.focOr.Ao,0.219896,
GEO.engboost.focOr.Do,0.529131,
GEO.engboost.focOr.cd,0.610000,
GEO.engboost.inlet.a,2.956667,
GEO.engboost.inlet.c,100.000000,
GEO.engboost.inlet.l,30.000000,
GEO.engboost.inlet.n,3.000000,
GEO.engboost.inlet.vol,88.700000,
GEO.engboost.mfp.a,1.395000,
GEO.engboost.mfp.b,11.430000,
GEO.engboost.mfp.c,-201.800000,
GEO.engboost.mfp.d,0.000000,
GEO.engboost.mfp.r1,0.700000,
GEO.engboost.mfp.r2,1.550000,
GEO.engboost.mfp.tau,0.001270,
GEO.engboost.mfp.w1,0.160000,
GEO.engboost.mfp.w2,0.160000,
GEO.engboost.ocm1.a,0.700000,
GEO.engboost.ocm1.c,100.000000,
GEO.engboost.ocm1.l,12.000000,
GEO.engboost.ocm1.n,3.000000,
GEO.engboost.ocm1.vol,8.400000,
GEO.engboost.ocm2.a,0.700000,
GEO.engboost.ocm2.c,100.000000,
GEO.engboost.ocm2.l,6.000000,
GEO.engboost.ocm2.n,1.000000,
GEO.engboost.ocm2.vol,4.200000,
GEO.engboost.vo_poc.vol,36.000000,
GEO.engboost.wf1leak.Ao,0.000618,
GEO.engboost.wf1leak.Do,0.028047,
GEO.engboost.wf1leak.k,0.309810,
GEO.ifc.a1leak,0.000618,
GEO.ifc.a_p3s,0.000143,
GEO.ifc.a_tvb,0.000804,
GEO.ifc.cd_p3s,0.730000,
GEO.ifc.cd_tvb,0.730000,
GEO.ifc.check.ao,0.736300,
GEO.ifc.check.cd,0.680000,
GEO.ifc.hs.ae,0.307000,
GEO.ifc.hs.ao,0.012272,
GEO.ifc.hs.c,0.000500,
GEO.ifc.hs.cdo,1.000000,
GEO.ifc.hs.d,0.125000,
GEO.ifc.hs.eps,0.000000,
GEO.ifc.hs.fb,-2.400000,
GEO.ifc.hs.fdyf,0.000000,
GEO.ifc.hs.flap.an,0.002376,
GEO.ifc.hs.flap.cf(1,:),1.200000,0.610000,
GEO.ifc.hs.flap.cf(2,:),2.500000,0.650000,
GEO.ifc.hs.flap.cf(3,:),4.500000,0.880000,
GEO.ifc.hs.flap.cf(4,:),7.500000,0.950000,
GEO.ifc.hs.flap.cn,0.750000,
GEO.ifc.hs.flap.dn,0.055000,
GEO.ifc.hs.flap.ln,0.003000,
GEO.ifc.hs.fspr,12.600000,
GEO.ifc.hs.fstf,0.000000,
GEO.ifc.hs.kb,0.000000,
GEO.ifc.hs.ks,520.000000,
GEO.ifc.hs.m,0.049846,
GEO.ifc.hs.vmax,1000.000000,
GEO.ifc.hs.vmin,-1000.000000,
GEO.ifc.hs.xmax,0.023500,
GEO.ifc.hs.xmin,0.000000,
GEO.ifc.k1leak,0.309810,
GEO.ifc.ln_p3s.a,0.027612,
GEO.ifc.ln_p3s.c,0.000000,
GEO.ifc.ln_p3s.l,11.000000,
GEO.ifc.ln_p3s.n,1.000000,
GEO.ifc.ln_p3s.vol,0.303728,
GEO.ifc.mo_p3s.a,0.000143,
GEO.ifc.mo_p3s.c,0.000000,
GEO.ifc.mo_p3s.l,0.010000,
GEO.ifc.mo_p3s.n,1.000000,
GEO.ifc.mo_p3s.vol,0.000001,
GEO.ifc.mv.arc,0.000000,
GEO.ifc.mv.arx,0.000000,
GEO.ifc.mv.asr,0.000000,
GEO.ifc.mv.awd,0.000000,
GEO.ifc.mv.awin(1,:),0.000352,0.001322,
GEO.ifc.mv.awin(2,:),0.001410,0.001417,
GEO.ifc.mv.awin(3,:),0.003172,0.001575,
GEO.ifc.mv.awin(4,:),0.005638,0.001797,
GEO.ifc.mv.awin(5,:),0.008810,0.002083,
GEO.ifc.mv.awin(6,:),0.012686,0.002432,
GEO.ifc.mv.awin(7,:),0.017268,0.002844,
GEO.ifc.mv.awin(8,:),0.022554,0.003320,
GEO.ifc.mv.awin(9,:),0.028544,0.003859,
GEO.ifc.mv.awin(10,:),0.035240,0.004462,
GEO.ifc.mv.awin(11,:),0.042640,0.005128,
GEO.ifc.mv.awin(12,:),0.050746,0.005857,
GEO.ifc.mv.awin(13,:),0.059556,0.006650,
GEO.ifc.mv.awin(14,:),0.069070,0.007541,
GEO.ifc.mv.awin(15,:),0.079290,0.008605,
GEO.ifc.mv.awin(16,:),0.090214,0.009866,
GEO.ifc.mv.awin(17,:),0.101844,0.011348,
GEO.ifc.mv.awin(18,:),0.114178,0.013079,
GEO.ifc.mv.awin(19,:),0.127216,0.015085,
GEO.ifc.mv.awin(20,:),0.140960,0.017397,
GEO.ifc.mv.awin(21,:),0.155408,0.020045,
GEO.ifc.mv.awin(22,:),0.170561,0.023063,
GEO.ifc.mv.awin(23,:),0.186419,0.026483,
GEO.ifc.mv.awin(24,:),0.202982,0.030343,
GEO.ifc.mv.awin(25,:),0.220250,0.034680,
GEO.ifc.mv.awin(26,:),0.238222,0.039533,
GEO.ifc.mv.awin(27,:),0.256899,0.044942,
GEO.ifc.mv.awin(28,:),0.276281,0.051186,
GEO.ifc.mv.awin(29,:),0.296368,0.058861,
GEO.ifc.mv.awin(30,:),0.317160,0.068115,
GEO.ifc.mv.awin(31,:),0.338656,0.079085,
GEO.ifc.mv.awin(32,:),0.360857,0.091911,
GEO.ifc.mv.awin(33,:),0.383763,0.106737,
GEO.ifc.mv.awin(34,:),0.407374,0.123712,
GEO.ifc.mv.awin(35,:),0.431690,0.142990,
GEO.ifc.mv.awin(36,:),0.456710,0.164731,
GEO.ifc.mv.awin(37,:),0.482435,0.189097,
GEO.ifc.mv.awin(38,:),0.508865,0.216256,
GEO.ifc.mv.awin(39,:),0.536000,0.246380,
GEO.ifc.mv.awin(40,:),0.563840,0.254843,
GEO.ifc.mv.awx,0.000000,
GEO.ifc.mv.ax1,1.227000,
GEO.ifc.mv.ax2,0.000000,
GEO.ifc.mv.ax3,0.000000,
GEO.ifc.mv.axa,0.000000,
GEO.ifc.mv.c,10.000000,
GEO.ifc.mv.cd,0.690000,
GEO.ifc.mv.cp,0.000000,
GEO.ifc.mv.dVdX,-29.400000,
GEO.ifc.mv.eps,0.000000,
GEO.ifc.mv.fdyf,0.000000,
GEO.ifc.mv.fstf,0.000000,
GEO.ifc.mv.m,0.497000,
GEO.ifc.mv.vmax,50.000000,
GEO.ifc.mv.vmin,-50.000000,
GEO.ifc.mv.wwin(1,:),0.000352,0.090000,
GEO.ifc.mv.wwin(2,:),0.001410,0.090000,
GEO.ifc.mv.wwin(3,:),0.003172,0.090000,
GEO.ifc.mv.wwin(4,:),0.005638,0.090000,
GEO.ifc.mv.wwin(5,:),0.008810,0.090000,
GEO.ifc.mv.wwin(6,:),0.012686,0.090000,
GEO.ifc.mv.wwin(7,:),0.017268,0.090000,
GEO.ifc.mv.wwin(8,:),0.022554,0.090000,
GEO.ifc.mv.wwin(9,:),0.028544,0.090000,
GEO.ifc.mv.wwin(10,:),0.035240,0.090000,
GEO.ifc.mv.wwin(11,:),0.042640,0.090000,
GEO.ifc.mv.wwin(12,:),0.050746,0.090000,
GEO.ifc.mv.wwin(13,:),0.059556,0.093662,
GEO.ifc.mv.wwin(14,:),0.069070,0.104103,
GEO.ifc.mv.wwin(15,:),0.079290,0.115415,
GEO.ifc.mv.wwin(16,:),0.090214,0.127481,
GEO.ifc.mv.wwin(17,:),0.101844,0.140301,
GEO.ifc.mv.wwin(18,:),0.114178,0.153876,
GEO.ifc.mv.wwin(19,:),0.127216,0.168204,
GEO.ifc.mv.wwin(20,:),0.140960,0.183287,
GEO.ifc.mv.wwin(21,:),0.155408,0.199124,
GEO.ifc.mv.wwin(22,:),0.170561,0.215715,
GEO.ifc.mv.wwin(23,:),0.186419,0.233060,
GEO.ifc.mv.wwin(24,:),0.202982,0.251159,
GEO.ifc.mv.wwin(25,:),0.220250,0.270013,
GEO.ifc.mv.wwin(26,:),0.238222,0.289620,
GEO.ifc.mv.wwin(27,:),0.256899,0.322112,
GEO.ifc.mv.wwin(28,:),0.276281,0.382092,
GEO.ifc.mv.wwin(29,:),0.296368,0.445119,
GEO.ifc.mv.wwin(30,:),0.317160,0.510320,
GEO.ifc.mv.wwin(31,:),0.338656,0.577694,
GEO.ifc.mv.wwin(32,:),0.360857,0.647241,
GEO.ifc.mv.wwin(33,:),0.383763,0.718961,
GEO.ifc.mv.wwin(34,:),0.407374,0.792855,
GEO.ifc.mv.wwin(35,:),0.431690,0.868922,
GEO.ifc.mv.wwin(36,:),0.456710,0.947162,
GEO.ifc.mv.wwin(37,:),0.482435,1.027576,
GEO.ifc.mv.wwin(38,:),0.508865,1.110163,
GEO.ifc.mv.wwin(39,:),0.536000,0.304000,
GEO.ifc.mv.wwin(40,:),0.563840,0.304000,
GEO.ifc.mv.xmax,0.536000,
GEO.ifc.mv.xmin,0.000000,
GEO.ifc.mvsv.F414MGEO.venstart.load.ehsv.amn,0.000000,
GEO.ifc.mvsv.F414MVSV_W,0.030920,
GEO.ifc.mvsv.F414MVSV_XMX,0.050000,
GEO.ifc.mvsv.GEO.venstart.load.ehsv.underlap,-0.000075,
GEO.ifc.mvsv.ael,0.000000,
GEO.ifc.mvsv.ah,0.049087,
GEO.ifc.mvsv.ar,0.036816,
GEO.ifc.mvsv.awin_dh(1,:),-0.050000,0.000000,
GEO.ifc.mvsv.awin_dh(2,:),0.000075,0.000000,
GEO.ifc.mvsv.awin_dh(3,:),0.050000,0.001544,
GEO.ifc.mvsv.awin_dr(1,:),-0.050000,0.000000,
GEO.ifc.mvsv.awin_dr(2,:),0.000075,0.000000,
GEO.ifc.mvsv.awin_dr(3,:),0.050000,0.001544,
GEO.ifc.mvsv.awin_sh(1,:),-0.050000,0.000000,
GEO.ifc.mvsv.awin_sh(2,:),0.000075,0.000000,
GEO.ifc.mvsv.awin_sh(3,:),0.050000,0.001544,
GEO.ifc.mvsv.awin_sr(1,:),-0.050000,0.000000,
GEO.ifc.mvsv.awin_sr(2,:),0.000075,0.000000,
GEO.ifc.mvsv.awin_sr(3,:),0.050000,0.001544,
GEO.ifc.mvsv.cd,0.610000,
GEO.ifc.mvsv.cdl,0.610000,
GEO.ifc.mvsv.dh,0.250000,
GEO.ifc.mvsv.dp_s,250.000000,
GEO.ifc.mvsv.dr,0.125000,
GEO.ifc.mvsv.eps,0.000000,
GEO.ifc.mvsv.kel,0.000000,
GEO.ifc.mvsv.kix,-0.000533,
GEO.ifc.mvsv.mA_x(1,:),-80.000000,20.000000,120.000000,
GEO.ifc.mvsv.mA_x(2,:),0.053333,0.000000,-0.053333,
GEO.ifc.mvsv.mAnull,20.000000,
GEO.ifc.mvsv.tau_s,0.008000,
GEO.ifc.mvsv.vmax_s,1000000000000.000000,
GEO.ifc.mvsv.vmin_s,-1000000000000.000000,
GEO.ifc.mvsv.xmax,0.042500,
GEO.ifc.mvsv.xmin,-0.021500,
GEO.ifc.mvtv.ad(1,:),-0.050000,0.000000,
GEO.ifc.mvtv.ad(2,:),-0.040513,0.000379,
GEO.ifc.mvtv.ad(3,:),-0.031026,0.000759,
GEO.ifc.mvtv.ad(4,:),-0.021538,0.001138,
GEO.ifc.mvtv.ad(5,:),-0.012051,0.001518,
GEO.ifc.mvtv.ad(6,:),-0.002564,0.001897,
GEO.ifc.mvtv.ad(7,:),0.006923,0.002725,
GEO.ifc.mvtv.ad(8,:),0.016410,0.003834,
GEO.ifc.mvtv.ad(9,:),0.025897,0.005092,
GEO.ifc.mvtv.ad(10,:),0.035385,0.006519,
GEO.ifc.mvtv.ad(11,:),0.044872,0.008140,
GEO.ifc.mvtv.ad(12,:),0.054359,0.009978,
GEO.ifc.mvtv.ad(13,:),0.063846,0.012065,
GEO.ifc.mvtv.ad(14,:),0.073333,0.014433,
GEO.ifc.mvtv.ad(15,:),0.082821,0.017120,
GEO.ifc.mvtv.ad(16,:),0.092308,0.020169,
GEO.ifc.mvtv.ad(17,:),0.101795,0.023630,
GEO.ifc.mvtv.ad(18,:),0.111282,0.027557,
GEO.ifc.mvtv.ad(19,:),0.120769,0.032013,
GEO.ifc.mvtv.ad(20,:),0.130256,0.037070,
GEO.ifc.mvtv.ad(21,:),0.139744,0.042809,
GEO.ifc.mvtv.ad(22,:),0.149231,0.049322,
GEO.ifc.mvtv.ad(23,:),0.158718,0.056713,
GEO.ifc.mvtv.ad(24,:),0.168205,0.065100,
GEO.ifc.mvtv.ad(25,:),0.177692,0.074617,
GEO.ifc.mvtv.ad(26,:),0.187179,0.085418,
GEO.ifc.mvtv.ad(27,:),0.196667,0.097675,
GEO.ifc.mvtv.ad(28,:),0.206154,0.111584,
GEO.ifc.mvtv.ad(29,:),0.215641,0.127369,
GEO.ifc.mvtv.ad(30,:),0.225128,0.145281,
GEO.ifc.mvtv.ad(31,:),0.234615,0.165608,
GEO.ifc.mvtv.ad(32,:),0.244103,0.188473,
GEO.ifc.mvtv.ad(33,:),0.253590,0.211907,
GEO.ifc.mvtv.ad(34,:),0.263077,0.235340,
GEO.ifc.mvtv.ad(35,:),0.272564,0.258773,
GEO.ifc.mvtv.ad(36,:),0.282051,0.282207,
GEO.ifc.mvtv.ad(37,:),0.291538,0.305640,
GEO.ifc.mvtv.ad(38,:),0.301026,0.329073,
GEO.ifc.mvtv.ad(39,:),0.310513,0.352507,
GEO.ifc.mvtv.ad(40,:),0.320000,0.375940,
GEO.ifc.mvtv.ah(1,:),0.000000,0.000000,
GEO.ifc.mvtv.ah(2,:),1.000000,0.000000,
GEO.ifc.mvtv.ao,0.196350,
GEO.ifc.mvtv.ax1,0.785398,
GEO.ifc.mvtv.ax2,0.994020,
GEO.ifc.mvtv.ax3,0.000000,
GEO.ifc.mvtv.ax4,0.000000,
GEO.ifc.mvtv.c,0.100000,
GEO.ifc.mvtv.cd,0.700000,
GEO.ifc.mvtv.cdo,0.700000,
GEO.ifc.mvtv.cp,0.000000,
GEO.ifc.mvtv.d,0.500000,
GEO.ifc.mvtv.eps,0.000000,
GEO.ifc.mvtv.fdyf,0.000000,
GEO.ifc.mvtv.fspr,25.200000,
GEO.ifc.mvtv.fstf,0.000000,
GEO.ifc.mvtv.ks,69.000000,
GEO.ifc.mvtv.ld,0.000000,
GEO.ifc.mvtv.lh,0.000000,
GEO.ifc.mvtv.m,0.265182,
GEO.ifc.mvtv.ms,0.000000,
GEO.ifc.mvtv.mv,0.265182,
GEO.ifc.mvtv.sftd,0.000000,
GEO.ifc.mvtv.sfth,0.000000,
GEO.ifc.mvtv.vmax,1000.000000,
GEO.ifc.mvtv.vmin,-1000.000000,
GEO.ifc.mvtv.wd(1,:),-0.050000,0.040000,
GEO.ifc.mvtv.wd(2,:),-0.040513,0.040000,
GEO.ifc.mvtv.wd(3,:),-0.031026,0.040000,
GEO.ifc.mvtv.wd(4,:),-0.021538,0.040000,
GEO.ifc.mvtv.wd(5,:),-0.012051,0.040000,
GEO.ifc.mvtv.wd(6,:),-0.002564,0.087222,
GEO.ifc.mvtv.wd(7,:),0.006923,0.116853,
GEO.ifc.mvtv.wd(8,:),0.016410,0.132609,
GEO.ifc.mvtv.wd(9,:),0.025897,0.150488,
GEO.ifc.mvtv.wd(10,:),0.035385,0.170778,
GEO.ifc.mvtv.wd(11,:),0.044872,0.193804,
GEO.ifc.mvtv.wd(12,:),0.054359,0.219933,
GEO.ifc.mvtv.wd(13,:),0.063846,0.249585,
GEO.ifc.mvtv.wd(14,:),0.073333,0.283234,
GEO.ifc.mvtv.wd(15,:),0.082821,0.321420,
GEO.ifc.mvtv.wd(16,:),0.092308,0.364753,
GEO.ifc.mvtv.wd(17,:),0.101795,0.413928,
GEO.ifc.mvtv.wd(18,:),0.111282,0.469732,
GEO.ifc.mvtv.wd(19,:),0.120769,0.533059,
GEO.ifc.mvtv.wd(20,:),0.130256,0.604922,
GEO.ifc.mvtv.wd(21,:),0.139744,0.686474,
GEO.ifc.mvtv.wd(22,:),0.149231,0.779020,
GEO.ifc.mvtv.wd(23,:),0.158718,0.884042,
GEO.ifc.mvtv.wd(24,:),0.168205,1.003221,
GEO.ifc.mvtv.wd(25,:),0.177692,1.138467,
GEO.ifc.mvtv.wd(26,:),0.187179,1.291945,
GEO.ifc.mvtv.wd(27,:),0.196667,1.466113,
GEO.ifc.mvtv.wd(28,:),0.206154,1.663761,
GEO.ifc.mvtv.wd(29,:),0.215641,1.888054,
GEO.ifc.mvtv.wd(30,:),0.225128,2.142583,
GEO.ifc.mvtv.wd(31,:),0.234615,2.410109,
GEO.ifc.mvtv.wd(32,:),0.244103,2.470000,
GEO.ifc.mvtv.wd(33,:),0.253590,2.470000,
GEO.ifc.mvtv.wd(34,:),0.263077,2.470000,
GEO.ifc.mvtv.wd(35,:),0.272564,2.470000,
GEO.ifc.mvtv.wd(36,:),0.282051,2.470000,
GEO.ifc.mvtv.wd(37,:),0.291538,2.470000,
GEO.ifc.mvtv.wd(38,:),0.301026,2.470000,
GEO.ifc.mvtv.wd(39,:),0.310513,2.470000,
GEO.ifc.mvtv.wd(40,:),0.320000,2.470000,
GEO.ifc.mvtv.xmax,0.360000,
GEO.ifc.mvtv.xmin,-0.120000,
GEO.ifc.prtv.ax1,0.076945,
GEO.ifc.prtv.fspr,24.000000,
GEO.ifc.prtv.ks,70.000000,
GEO.ifc.vo_p1.l,0.000000,
GEO.ifc.vo_p2.l,0.000000,
GEO.ifc.vo_p2.n,1.000000,
GEO.ifc.vo_p2.vol,14.000000,
GEO.ifc.vo_p3.l,0.000000,
GEO.ifc.vo_p3.n,1.000000,
GEO.ifc.vo_p3.vol,5.610000,
GEO.ifc.vo_p3s.l,0.000000,
GEO.ifc.vo_p3s.n,1.000000,
GEO.ifc.vo_p3s.vol,1.500000,
GEO.ifc.vo_pd.l,0.000000,
GEO.ifc.vo_pd.n,1.000000,
GEO.ifc.vo_pd.vol,9.600000,
GEO.ifc.vo_px.l,0.000000,
GEO.ifc.vo_px.n,1.000000,
GEO.ifc.vo_px.vol,1.600000,
GEO.ifc.vo_px1.l,0.000000,
GEO.ifc.vo_px1.n,1.000000,
GEO.ifc.vo_px1.vol,0.100000,
GEO.ifc.vo_px2.l,0.000000,
GEO.ifc.vo_px2.n,1.000000,
GEO.ifc.vo_px2.vol,0.100000,
GEO.main_line.a,0.363000,
GEO.main_line.c,0.000000,
GEO.main_line.l,48.000000,
GEO.main_line.n,5.000000,
GEO.main_line.vol,17.424000,
GEO.mv.xmin,0.000000,
GEO.venstart.bi.ab,0.000000,
GEO.venstart.bi.ah,0.227329,
GEO.venstart.bi.ahl,0.000000,
GEO.venstart.bi.ar,0.198976,
GEO.venstart.bi.arl,0.000000,
GEO.venstart.bi.c,1.978261,
GEO.venstart.bi.cbase,0.700000,
GEO.venstart.bi.cd,0.610000,
GEO.venstart.bi.db,0.000000,
GEO.venstart.bi.dh,0.538000,
GEO.venstart.bi.dhl,0.000000,
GEO.venstart.bi.dr,0.190000,
GEO.venstart.bi.drl,0.000000,
GEO.venstart.bi.eps,0.000000,
GEO.venstart.bi.fdyf,0.000000,
GEO.venstart.bi.fstf,0.000000,
GEO.venstart.bi.m,0.038300,
GEO.venstart.bi.mact,0.038300,
GEO.venstart.bi.mext,0.000000,
GEO.venstart.bi.vmax,1000.000000,
GEO.venstart.bi.vmin,-1000.000000,
GEO.venstart.bi.xmax,0.173600,
GEO.venstart.bi.xmin,0.000000,
GEO.venstart.boost.a,0.520000,
GEO.venstart.boost.b,6.600000,
GEO.venstart.boost.c,-316.000000,
GEO.venstart.boost.d,0.000000,
GEO.venstart.boost.r1,0.000000,
GEO.venstart.boost.r2,2.550000,
GEO.venstart.boost.tau,0.001270,
GEO.venstart.boost.w1,1.000000,
GEO.venstart.boost.w2,0.200000,
GEO.venstart.cdabdamp,0.100000,
GEO.venstart.cdv,3.102400,
GEO.venstart.cftpa,0.396900,
GEO.venstart.ctqpv,0.441800,
GEO.venstart.cva,1.588000,
GEO.venstart.filt.Ao,3.684106,
GEO.venstart.filt.a,1.116667,
GEO.venstart.filt.c,0.000000,
GEO.venstart.filt.cd,0.610000,
GEO.venstart.filt.l,6.000000,
GEO.venstart.filt.vol,6.700000,
GEO.venstart.fsb,12.540000,
GEO.venstart.ksb,650.000000,
GEO.venstart.leako.ecc,0.000000,
GEO.venstart.leako.l,0.292000,
GEO.venstart.leako.r,0.095000,
GEO.venstart.leako.rad_clear,0.000400,
GEO.venstart.load.C,40.000000,
GEO.venstart.load.Km,322000.000000,
GEO.venstart.load.act_c.FDYF_C(1,:),4.230000,4.234700,4.319300,4.324000,
GEO.venstart.load.act_c.FDYF_C(2,:),20.000000,20.000000,20.000000,20.000000,
GEO.venstart.load.act_c.FDYF_O(1,:),4.230000,4.234700,4.319300,4.324000,
GEO.venstart.load.act_c.FDYF_O(2,:),20.000000,20.000000,20.000000,20.000000,
GEO.venstart.load.act_c.FSTF_C(1,:),4.230000,4.234700,4.319300,4.324000,
GEO.venstart.load.act_c.FSTF_C(2,:),20.000000,20.000000,20.000000,20.000000,
GEO.venstart.load.act_c.FSTF_O(1,:),4.230000,4.234700,4.319300,4.324000,
GEO.venstart.load.act_c.FSTF_O(2,:),20.000000,20.000000,20.000000,20.000000,
GEO.venstart.load.act_c.ab,0.000763,
GEO.venstart.load.act_c.ah,9.246558,
GEO.venstart.load.act_c.ahl,0.000000,
GEO.venstart.load.act_c.ar,7.443421,
GEO.venstart.load.act_c.arl,0.000112,
GEO.venstart.load.act_c.c,0.002000,
GEO.venstart.load.act_c.cd,0.850000,
GEO.venstart.load.act_c.eps,0.100000,
GEO.venstart.load.act_c.fdyf,0.000000,
GEO.venstart.load.act_c.fstf,0.000000,
GEO.venstart.load.act_c.m,24.620000,
GEO.venstart.load.act_c.mact,0.000000,
GEO.venstart.load.act_c.mext,200.000000,
GEO.venstart.load.act_c.vmax,1000.000000,
GEO.venstart.load.act_c.vmin,-1000.000000,
GEO.venstart.load.act_c.vol_head_mech,38.100000,
GEO.venstart.load.act_c.vol_rod_mech,1.000000,
GEO.venstart.load.act_c.xmax,5.265000,
GEO.venstart.load.act_c.xmin,0.000000,
GEO.venstart.load.act_s.NG(1,:),0.000000,1.000000,
GEO.venstart.load.act_s.NG(2,:),5.000000,1.000000,
GEO.venstart.load.act_s.NW(1,:),0.000000,1.000000,
GEO.venstart.load.act_s.NW(2,:),5.000000,1.000000,
GEO.venstart.load.act_s.ab,0.000254,
GEO.venstart.load.act_s.ah,3.082186,
GEO.venstart.load.act_s.ahl,0.000000,
GEO.venstart.load.act_s.ar,2.481140,
GEO.venstart.load.act_s.arl,0.000037,
GEO.venstart.load.act_s.c,10.000000,
GEO.venstart.load.act_s.cd,0.850000,
GEO.venstart.load.act_s.eps,0.100000,
GEO.venstart.load.act_s.fdyf(1,:),0.000000,0.000000,
GEO.venstart.load.act_s.fdyf(2,:),4.170000,0.000000,
GEO.venstart.load.act_s.fdyf(3,:),4.188000,0.000000,
GEO.venstart.load.act_s.fdyf(4,:),4.190000,0.000000,
GEO.venstart.load.act_s.fdyf(5,:),4.203000,0.000000,
GEO.venstart.load.act_s.fdyf(6,:),5.000000,0.000000,
GEO.venstart.load.act_s.fstf(1,:),0.000000,0.000000,
GEO.venstart.load.act_s.fstf(2,:),4.170000,0.000000,
GEO.venstart.load.act_s.fstf(3,:),4.188000,0.000000,
GEO.venstart.load.act_s.fstf(4,:),4.190000,0.000000,
GEO.venstart.load.act_s.fstf(5,:),4.203000,0.000000,
GEO.venstart.load.act_s.fstf(6,:),5.000000,0.000000,
GEO.venstart.load.act_s.m,2.000000,
GEO.venstart.load.act_s.vmax,1000.000000,
GEO.venstart.load.act_s.vmin,-1000.000000,
GEO.venstart.load.act_s.xmax,5.265000,
GEO.venstart.load.act_s.xmin,0.000000,
GEO.venstart.load.act_s12.NG(1,:),0.000000,1.000000,
GEO.venstart.load.act_s12.NG(2,:),5.000000,1.000000,
GEO.venstart.load.act_s12.NW(1,:),0.000000,1.000000,
GEO.venstart.load.act_s12.NW(2,:),5.000000,1.000000,
GEO.venstart.load.act_s12.ab,0.000254,
GEO.venstart.load.act_s12.ah,3.082186,
GEO.venstart.load.act_s12.ahl,0.000000,
GEO.venstart.load.act_s12.ar,2.481140,
GEO.venstart.load.act_s12.arl,0.000037,
GEO.venstart.load.act_s12.c,10.000000,
GEO.venstart.load.act_s12.cd,0.850000,
GEO.venstart.load.act_s12.eps,0.100000,
GEO.venstart.load.act_s12.fdyf(1,:),0.000000,0.000000,
GEO.venstart.load.act_s12.fdyf(2,:),4.170000,0.000000,
GEO.venstart.load.act_s12.fdyf(3,:),4.188000,0.000000,
GEO.venstart.load.act_s12.fdyf(4,:),4.190000,0.000000,
GEO.venstart.load.act_s12.fdyf(5,:),4.203000,0.000000,
GEO.venstart.load.act_s12.fdyf(6,:),5.000000,0.000000,
GEO.venstart.load.act_s12.fstf(1,:),0.000000,0.000000,
GEO.venstart.load.act_s12.fstf(2,:),4.170000,0.000000,
GEO.venstart.load.act_s12.fstf(3,:),4.188000,0.000000,
GEO.venstart.load.act_s12.fstf(4,:),4.190000,0.000000,
GEO.venstart.load.act_s12.fstf(5,:),4.203000,0.000000,
GEO.venstart.load.act_s12.fstf(6,:),5.000000,0.000000,
GEO.venstart.load.act_s12.m,2.000000,
GEO.venstart.load.act_s12.vmax,1000.000000,
GEO.venstart.load.act_s12.vmin,-1000.000000,
GEO.venstart.load.act_s12.xmax,5.265000,
GEO.venstart.load.act_s12.xmin,0.000000,
GEO.venstart.load.act_s4.NG(1,:),0.000000,1.000000,
GEO.venstart.load.act_s4.NG(2,:),5.000000,1.000000,
GEO.venstart.load.act_s4.NW(1,:),0.000000,1.000000,
GEO.venstart.load.act_s4.NW(2,:),5.000000,1.000000,
GEO.venstart.load.act_s4.ab,0.000254,
GEO.venstart.load.act_s4.ah,3.082186,
GEO.venstart.load.act_s4.ahl,0.000000,
GEO.venstart.load.act_s4.ar,2.481140,
GEO.venstart.load.act_s4.arl,0.000037,
GEO.venstart.load.act_s4.c,10.000000,
GEO.venstart.load.act_s4.cd,0.850000,
GEO.venstart.load.act_s4.eps,0.100000,
GEO.venstart.load.act_s4.fdyf(1,:),0.000000,0.000000,
GEO.venstart.load.act_s4.fdyf(2,:),4.170000,0.000000,
GEO.venstart.load.act_s4.fdyf(3,:),4.188000,0.000000,
GEO.venstart.load.act_s4.fdyf(4,:),4.190000,0.000000,
GEO.venstart.load.act_s4.fdyf(5,:),4.203000,0.000000,
GEO.venstart.load.act_s4.fdyf(6,:),5.000000,0.000000,
GEO.venstart.load.act_s4.fstf(1,:),0.000000,0.000000,
GEO.venstart.load.act_s4.fstf(2,:),4.170000,0.000000,
GEO.venstart.load.act_s4.fstf(3,:),4.188000,0.000000,
GEO.venstart.load.act_s4.fstf(4,:),4.190000,0.000000,
GEO.venstart.load.act_s4.fstf(5,:),4.203000,0.000000,
GEO.venstart.load.act_s4.fstf(6,:),5.000000,0.000000,
GEO.venstart.load.act_s4.m,2.000000,
GEO.venstart.load.act_s4.vmax,1000.000000,
GEO.venstart.load.act_s4.vmin,-1000.000000,
GEO.venstart.load.act_s4.xmax,5.265000,
GEO.venstart.load.act_s4.xmin,0.000000,
GEO.venstart.load.act_s8.NG(1,:),0.000000,1.000000,
GEO.venstart.load.act_s8.NG(2,:),5.000000,1.000000,
GEO.venstart.load.act_s8.NW(1,:),0.000000,1.000000,
GEO.venstart.load.act_s8.NW(2,:),5.000000,1.000000,
GEO.venstart.load.act_s8.ab,0.000254,
GEO.venstart.load.act_s8.ah,3.082186,
GEO.venstart.load.act_s8.ahl,0.000000,
GEO.venstart.load.act_s8.ar,2.481140,
GEO.venstart.load.act_s8.arl,0.000037,
GEO.venstart.load.act_s8.c,10.000000,
GEO.venstart.load.act_s8.cd,0.850000,
GEO.venstart.load.act_s8.eps,0.100000,
GEO.venstart.load.act_s8.fdyf(1,:),0.000000,0.000000,
GEO.venstart.load.act_s8.fdyf(2,:),4.170000,0.000000,
GEO.venstart.load.act_s8.fdyf(3,:),4.188000,0.000000,
GEO.venstart.load.act_s8.fdyf(4,:),4.190000,0.000000,
GEO.venstart.load.act_s8.fdyf(5,:),4.203000,0.000000,
GEO.venstart.load.act_s8.fdyf(6,:),5.000000,0.000000,
GEO.venstart.load.act_s8.fstf(1,:),0.000000,0.000000,
GEO.venstart.load.act_s8.fstf(2,:),4.170000,0.000000,
GEO.venstart.load.act_s8.fstf(3,:),4.188000,0.000000,
GEO.venstart.load.act_s8.fstf(4,:),4.190000,0.000000,
GEO.venstart.load.act_s8.fstf(5,:),4.203000,0.000000,
GEO.venstart.load.act_s8.fstf(6,:),5.000000,0.000000,
GEO.venstart.load.act_s8.m,2.000000,
GEO.venstart.load.act_s8.vmax,1000.000000,
GEO.venstart.load.act_s8.vmin,-1000.000000,
GEO.venstart.load.act_s8.xmax,5.265000,
GEO.venstart.load.act_s8.xmin,0.000000,
GEO.venstart.load.c12_8.GR,67.529300,
GEO.venstart.load.c12_8.eps,0.100000,
GEO.venstart.load.c12_8.ffi.d.c,0.000000,
GEO.venstart.load.c12_8.ffi.d.delta,0.200000,
GEO.venstart.load.c12_8.ffi.d.fdyf,0.000000,
GEO.venstart.load.c12_8.ffi.d.fstf,0.000000,
GEO.venstart.load.c12_8.ffi.i.c,0.000000,
GEO.venstart.load.c12_8.ffi.i.delta,0.100000,
GEO.venstart.load.c12_8.ffi.i.fdyf,0.000000,
GEO.venstart.load.c12_8.ffi.i.fstf,0.000000,
GEO.venstart.load.c12_8.ffo.d.c,0.000000,
GEO.venstart.load.c12_8.ffo.d.delta,0.200000,
GEO.venstart.load.c12_8.ffo.d.fdyf,0.000000,
GEO.venstart.load.c12_8.ffo.d.fstf,0.000000,
GEO.venstart.load.c12_8.ffo.i.c,0.000000,
GEO.venstart.load.c12_8.ffo.i.delta,0.100000,
GEO.venstart.load.c12_8.ffo.i.fdyf,0.000000,
GEO.venstart.load.c12_8.ffo.i.fstf,0.000000,
GEO.venstart.load.c12_8.ffs.c,1.869685,
GEO.venstart.load.c12_8.ffs.d.c,0.000000,
GEO.venstart.load.c12_8.ffs.d.delta,0.200000,
GEO.venstart.load.c12_8.ffs.d.fdyf,0.000000,
GEO.venstart.load.c12_8.ffs.d.fstf,0.000000,
GEO.venstart.load.c12_8.ffs.fmax,0.000000,
GEO.venstart.load.c12_8.ffs.i.c,0.000000,
GEO.venstart.load.c12_8.ffs.i.delta,0.100000,
GEO.venstart.load.c12_8.ffs.i.fdyf,0.000000,
GEO.venstart.load.c12_8.ffs.i.fstf,0.000000,
GEO.venstart.load.c12_8.k,93484.231457,
GEO.venstart.load.c4_12.GR,67.529300,
GEO.venstart.load.c4_12.eps,0.100000,
GEO.venstart.load.c4_12.ffi.d.c,0.000000,
GEO.venstart.load.c4_12.ffi.d.delta,0.200000,
GEO.venstart.load.c4_12.ffi.d.fdyf,0.000000,
GEO.venstart.load.c4_12.ffi.d.fstf,0.000000,
GEO.venstart.load.c4_12.ffi.i.c,0.000000,
GEO.venstart.load.c4_12.ffi.i.delta,0.100000,
GEO.venstart.load.c4_12.ffi.i.fdyf,0.000000,
GEO.venstart.load.c4_12.ffi.i.fstf,0.000000,
GEO.venstart.load.c4_12.ffo.d.c,0.000000,
GEO.venstart.load.c4_12.ffo.d.delta,0.200000,
GEO.venstart.load.c4_12.ffo.d.fdyf,0.000000,
GEO.venstart.load.c4_12.ffo.d.fstf,0.000000,
GEO.venstart.load.c4_12.ffo.i.c,0.000000,
GEO.venstart.load.c4_12.ffo.i.delta,0.100000,
GEO.venstart.load.c4_12.ffo.i.fdyf,0.000000,
GEO.venstart.load.c4_12.ffo.i.fstf,0.000000,
GEO.venstart.load.c4_12.ffs.c,1.869685,
GEO.venstart.load.c4_12.ffs.d.c,0.000000,
GEO.venstart.load.c4_12.ffs.d.delta,0.200000,
GEO.venstart.load.c4_12.ffs.d.fdyf,0.000000,
GEO.venstart.load.c4_12.ffs.d.fstf,0.000000,
GEO.venstart.load.c4_12.ffs.fmax,0.000000,
GEO.venstart.load.c4_12.ffs.i.c,0.000000,
GEO.venstart.load.c4_12.ffs.i.delta,0.100000,
GEO.venstart.load.c4_12.ffs.i.fdyf,0.000000,
GEO.venstart.load.c4_12.ffs.i.fstf,0.000000,
GEO.venstart.load.c4_12.k,93484.231457,
GEO.venstart.load.c8_4.GR,67.529300,
GEO.venstart.load.c8_4.eps,0.100000,
GEO.venstart.load.c8_4.ffi.d.c,0.000000,
GEO.venstart.load.c8_4.ffi.d.delta,0.200000,
GEO.venstart.load.c8_4.ffi.d.fdyf,0.000000,
GEO.venstart.load.c8_4.ffi.d.fstf,0.000000,
GEO.venstart.load.c8_4.ffi.i.c,0.000000,
GEO.venstart.load.c8_4.ffi.i.delta,0.100000,
GEO.venstart.load.c8_4.ffi.i.fdyf,0.000000,
GEO.venstart.load.c8_4.ffi.i.fstf,0.000000,
GEO.venstart.load.c8_4.ffo.d.c,0.000000,
GEO.venstart.load.c8_4.ffo.d.delta,0.200000,
GEO.venstart.load.c8_4.ffo.d.fdyf,0.000000,
GEO.venstart.load.c8_4.ffo.d.fstf,0.000000,
GEO.venstart.load.c8_4.ffo.i.c,0.000000,
GEO.venstart.load.c8_4.ffo.i.delta,0.100000,
GEO.venstart.load.c8_4.ffo.i.fdyf,0.000000,
GEO.venstart.load.c8_4.ffo.i.fstf,0.000000,
GEO.venstart.load.c8_4.ffs.c,1.869685,
GEO.venstart.load.c8_4.ffs.d.c,0.000000,
GEO.venstart.load.c8_4.ffs.d.delta,0.200000,
GEO.venstart.load.c8_4.ffs.d.fdyf,0.000000,
GEO.venstart.load.c8_4.ffs.d.fstf,0.000000,
GEO.venstart.load.c8_4.ffs.fmax,0.000000,
GEO.venstart.load.c8_4.ffs.i.c,0.000000,
GEO.venstart.load.c8_4.ffs.i.delta,0.100000,
GEO.venstart.load.c8_4.ffs.i.fdyf,0.000000,
GEO.venstart.load.c8_4.ffs.i.fstf,0.000000,
GEO.venstart.load.c8_4.k,93484.231457,
GEO.venstart.load.c_s.GR,67.529300,
GEO.venstart.load.c_s.eps,0.100000,
GEO.venstart.load.c_s.ffi.d.c,0.000000,
GEO.venstart.load.c_s.ffi.d.delta,0.200000,
GEO.venstart.load.c_s.ffi.d.fdyf,0.000000,
GEO.venstart.load.c_s.ffi.d.fstf,0.000000,
GEO.venstart.load.c_s.ffi.i.c,0.000000,
GEO.venstart.load.c_s.ffi.i.delta,0.100000,
GEO.venstart.load.c_s.ffi.i.fdyf,0.000000,
GEO.venstart.load.c_s.ffi.i.fstf,0.000000,
GEO.venstart.load.c_s.ffo.d.c,0.000000,
GEO.venstart.load.c_s.ffo.d.delta,0.200000,
GEO.venstart.load.c_s.ffo.d.fdyf,0.000000,
GEO.venstart.load.c_s.ffo.d.fstf,0.000000,
GEO.venstart.load.c_s.ffo.i.c,0.000000,
GEO.venstart.load.c_s.ffo.i.delta,0.100000,
GEO.venstart.load.c_s.ffo.i.fdyf,0.000000,
GEO.venstart.load.c_s.ffo.i.fstf,0.000000,
GEO.venstart.load.c_s.ffs.d.c,0.000000,
GEO.venstart.load.c_s.ffs.d.delta,0.200000,
GEO.venstart.load.c_s.ffs.d.fdyf,0.000000,
GEO.venstart.load.c_s.ffs.d.fstf,0.000000,
GEO.venstart.load.c_s.ffs.i.c,0.000000,
GEO.venstart.load.c_s.ffs.i.delta,0.100000,
GEO.venstart.load.c_s.ffs.i.fdyf,0.000000,
GEO.venstart.load.c_s.ffs.i.fstf,0.000000,
GEO.venstart.load.c_s.k,93484.231457,
GEO.venstart.load.ehsv.ael,0.000318,
GEO.venstart.load.ehsv.ah,0.209117,
GEO.venstart.load.ehsv.amn,0.000000,
GEO.venstart.load.ehsv.ar,0.177701,
GEO.venstart.load.ehsv.awin_dh(1,:),-0.037300,0.000000,
GEO.venstart.load.ehsv.awin_dh(2,:),0.001067,0.000000,
GEO.venstart.load.ehsv.awin_dh(3,:),0.001068,0.000000,
GEO.venstart.load.ehsv.awin_dh(4,:),0.076219,0.047797,
GEO.venstart.load.ehsv.awin_dh(5,:),0.083933,0.000000,
GEO.venstart.load.ehsv.awin_dh(6,:),0.085000,0.000000,
GEO.venstart.load.ehsv.awin_dr(1,:),-0.042700,0.000000,
GEO.venstart.load.ehsv.awin_dr(2,:),0.001067,0.000000,
GEO.venstart.load.ehsv.awin_dr(3,:),0.001068,0.000000,
GEO.venstart.load.ehsv.awin_dr(4,:),0.037300,0.023044,
GEO.venstart.load.ehsv.awin_sh(1,:),-0.042700,0.000000,
GEO.venstart.load.ehsv.awin_sh(2,:),0.001067,0.000000,
GEO.venstart.load.ehsv.awin_sh(3,:),0.001068,0.000000,
GEO.venstart.load.ehsv.awin_sh(4,:),0.037300,0.023044,
GEO.venstart.load.ehsv.awin_sr(1,:),-0.037300,0.000000,
GEO.venstart.load.ehsv.awin_sr(2,:),0.001067,0.000000,
GEO.venstart.load.ehsv.awin_sr(3,:),0.001068,0.000000,
GEO.venstart.load.ehsv.awin_sr(4,:),0.076219,0.047797,
GEO.venstart.load.ehsv.awin_sr(5,:),0.083933,0.000000,
GEO.venstart.load.ehsv.awin_sr(6,:),0.085000,0.000000,
GEO.venstart.load.ehsv.cd,0.610000,
GEO.venstart.load.ehsv.cdl,0.610000,
GEO.venstart.load.ehsv.dh,0.516000,
GEO.venstart.load.ehsv.dp_s,1000.000000,
GEO.venstart.load.ehsv.dr,0.200000,
GEO.venstart.load.ehsv.kel,0.000000,
GEO.venstart.load.ehsv.kix,-0.001067,
GEO.venstart.load.ehsv.mA_x(1,:),-100.000000,-25.000000,25.000000,75.000000,
GEO.venstart.load.ehsv.mA_x(2,:),0.085000,0.053333,0.000000,-0.053333,
GEO.venstart.load.ehsv.mA_x0(1,:),-25.000000,25.000000,75.000000,100.000000,
GEO.venstart.load.ehsv.mA_x0(2,:),-0.053333,0.000000,0.053333,0.085000,
GEO.venstart.load.ehsv.mAnull,25.000000,
GEO.venstart.load.ehsv.minPressure,10.000000,
GEO.venstart.load.ehsv.tau_s,0.006370,
GEO.venstart.load.ehsv.underlap,-0.001068,
GEO.venstart.load.ehsv.vmax_s,1.243323,
GEO.venstart.load.ehsv.vmin_s,-1.243323,
GEO.venstart.load.ehsv.wdh,0.636000,
GEO.venstart.load.ehsv.wdr,0.636000,
GEO.venstart.load.ehsv.wn_s,157.079633,
GEO.venstart.load.ehsv.wsh,0.636000,
GEO.venstart.load.ehsv.wsr,0.636000,
GEO.venstart.load.ehsv.xmax,0.042700,
GEO.venstart.load.ehsv.xmaxS,0.085000,
GEO.venstart.load.ehsv.xmin,-0.037300,
GEO.venstart.load.ehsv.xmxc_rat,1.785000,
GEO.venstart.load.ehsv.xmxc_s,0.085000,
GEO.venstart.load.ehsv.zeta_s,0.500000,
GEO.venstart.load.ehsv_klk,0.000002,
GEO.venstart.load.ehsv_powlk,0.800000,
GEO.venstart.load.hline.a,0.145161,
GEO.venstart.load.hline.c,0.000000,
GEO.venstart.load.hline.l,93.000000,
GEO.venstart.load.hline.n,12.000000,
GEO.venstart.load.hline.vol,13.500000,
GEO.venstart.load.rline.a,0.145161,
GEO.venstart.load.rline.c,0.000000,
GEO.venstart.load.rline.l,93.000000,
GEO.venstart.load.rline.n,12.000000,
GEO.venstart.load.rline.vol,13.500000,
GEO.venstart.load.vo_hcham.vol,60.000000,
GEO.venstart.load.vo_rcham.vol,25.000000,
GEO.venstart.load.worm_12.ng(1,:),0.000000,1.000000,
GEO.venstart.load.worm_12.ng(2,:),5.000000,1.000000,
GEO.venstart.load.worm_12.nw1(1,:),0.000000,1.000000,
GEO.venstart.load.worm_12.nw1(2,:),5.000000,1.000000,
GEO.venstart.load.worm_12.nw2(1,:),0.000000,1.000000,
GEO.venstart.load.worm_12.nw2(2,:),5.000000,1.000000,
GEO.venstart.load.worm_4.ng(1,:),0.000000,1.000000,
GEO.venstart.load.worm_4.ng(2,:),5.000000,1.000000,
GEO.venstart.load.worm_4.nw1(1,:),0.000000,1.000000,
GEO.venstart.load.worm_4.nw1(2,:),5.000000,1.000000,
GEO.venstart.load.worm_4.nw2(1,:),0.000000,1.000000,
GEO.venstart.load.worm_4.nw2(2,:),5.000000,1.000000,
GEO.venstart.load.worm_8.ng(1,:),0.000000,1.000000,
GEO.venstart.load.worm_8.ng(2,:),5.000000,1.000000,
GEO.venstart.load.worm_8.nw1(1,:),0.000000,1.000000,
GEO.venstart.load.worm_8.nw1(2,:),5.000000,1.000000,
GEO.venstart.load.worm_8.nw2(1,:),0.000000,1.000000,
GEO.venstart.load.worm_8.nw2(2,:),5.000000,1.000000,
GEO.venstart.pa.ab,0.000000,
GEO.venstart.pa.ah,0.567450,
GEO.venstart.pa.ahl,0.000000,
GEO.venstart.pa.ar,0.567450,
GEO.venstart.pa.arl,0.000000,
GEO.venstart.pa.c,72.000000,
GEO.venstart.pa.cd,0.610000,
GEO.venstart.pa.db,0.000000,
GEO.venstart.pa.dh,0.850000,
GEO.venstart.pa.dhl,0.000000,
GEO.venstart.pa.dr,0.000000,
GEO.venstart.pa.drl,0.000000,
GEO.venstart.pa.eps,0.000000,
GEO.venstart.pa.fdyf,10.000000,
GEO.venstart.pa.fstf,10.000000,
GEO.venstart.pa.m,18.678576,
GEO.venstart.pa.mact,0.000000,
GEO.venstart.pa.mext,18.678576,
GEO.venstart.pa.vmax,1000.000000,
GEO.venstart.pa.vmin,-1000.000000,
GEO.venstart.pa.xmax,0.287000,
GEO.venstart.pa.xmin,0.008730,
GEO.venstart.pump.curve.cd,4420000.000000,
GEO.venstart.pump.curve.cf,-0.020000,
GEO.venstart.pump.curve.cn,0.000000,
GEO.venstart.pump.curve.cs,0.000000,
GEO.venstart.pump.curve.ct,0.000960,
GEO.venstart.pump.dpUnload,600.000000,
GEO.venstart.reg.ad(1,:),-0.125000,0.024230,
GEO.venstart.reg.ad(2,:),-0.124687,0.024230,
GEO.venstart.reg.ad(3,:),-0.124373,0.024230,
GEO.venstart.reg.ad(4,:),-0.124060,0.024230,
GEO.venstart.reg.ad(5,:),-0.123747,0.024235,
GEO.venstart.reg.ad(6,:),-0.123434,0.024230,
GEO.venstart.reg.ad(7,:),-0.123120,0.024222,
GEO.venstart.reg.ad(8,:),-0.122807,0.024210,
GEO.venstart.reg.ad(9,:),-0.122494,0.024197,
GEO.venstart.reg.ad(10,:),-0.122180,0.024181,
GEO.venstart.reg.ad(11,:),-0.121867,0.024163,
GEO.venstart.reg.ad(12,:),-0.121554,0.024144,
GEO.venstart.reg.ad(13,:),-0.121241,0.024124,
GEO.venstart.reg.ad(14,:),-0.120927,0.024102,
GEO.venstart.reg.ad(15,:),-0.120614,0.024078,
GEO.venstart.reg.ad(16,:),-0.120301,0.024054,
GEO.venstart.reg.ad(17,:),-0.119987,0.024030,
GEO.venstart.reg.ad(18,:),-0.119674,0.024012,
GEO.venstart.reg.ad(19,:),-0.119361,0.023988,
GEO.venstart.reg.ad(20,:),-0.119048,0.023962,
GEO.venstart.reg.ad(21,:),-0.118734,0.023935,
GEO.venstart.reg.ad(22,:),-0.118421,0.023907,
GEO.venstart.reg.ad(23,:),-0.118108,0.023878,
GEO.venstart.reg.ad(24,:),-0.117794,0.023847,
GEO.venstart.reg.ad(25,:),-0.117481,0.023816,
GEO.venstart.reg.ad(26,:),-0.117168,0.023783,
GEO.venstart.reg.ad(27,:),-0.116855,0.023750,
GEO.venstart.reg.ad(28,:),-0.116541,0.023716,
GEO.venstart.reg.ad(29,:),-0.116228,0.023681,
GEO.venstart.reg.ad(30,:),-0.115915,0.023645,
GEO.venstart.reg.ad(31,:),-0.115602,0.023609,
GEO.venstart.reg.ad(32,:),-0.115288,0.023572,
GEO.venstart.reg.ad(33,:),-0.114975,0.023534,
GEO.venstart.reg.ad(34,:),-0.114662,0.023495,
GEO.venstart.reg.ad(35,:),-0.114348,0.023456,
GEO.venstart.reg.ad(36,:),-0.114035,0.023416,
GEO.venstart.reg.ad(37,:),-0.113722,0.023375,
GEO.venstart.reg.ad(38,:),-0.113409,0.023334,
GEO.venstart.reg.ad(39,:),-0.113095,0.023292,
GEO.venstart.reg.ad(40,:),-0.112782,0.023249,
GEO.venstart.reg.ad(41,:),-0.112469,0.023206,
GEO.venstart.reg.ad(42,:),-0.112155,0.023163,
GEO.venstart.reg.ad(43,:),-0.111842,0.023118,
GEO.venstart.reg.ad(44,:),-0.111529,0.023073,
GEO.venstart.reg.ad(45,:),-0.111216,0.023028,
GEO.venstart.reg.ad(46,:),-0.110902,0.022982,
GEO.venstart.reg.ad(47,:),-0.110589,0.022936,
GEO.venstart.reg.ad(48,:),-0.110276,0.022889,
GEO.venstart.reg.ad(49,:),-0.109962,0.022841,
GEO.venstart.reg.ad(50,:),-0.109649,0.022793,
GEO.venstart.reg.ad(51,:),-0.109336,0.022745,
GEO.venstart.reg.ad(52,:),-0.109023,0.022696,
GEO.venstart.reg.ad(53,:),-0.108709,0.022646,
GEO.venstart.reg.ad(54,:),-0.108396,0.022596,
GEO.venstart.reg.ad(55,:),-0.108083,0.022546,
GEO.venstart.reg.ad(56,:),-0.107769,0.022495,
GEO.venstart.reg.ad(57,:),-0.107456,0.022444,
GEO.venstart.reg.ad(58,:),-0.107143,0.022392,
GEO.venstart.reg.ad(59,:),-0.106830,0.022340,
GEO.venstart.reg.ad(60,:),-0.106516,0.022287,
GEO.venstart.reg.ad(61,:),-0.106203,0.022234,
GEO.venstart.reg.ad(62,:),-0.105890,0.022181,
GEO.venstart.reg.ad(63,:),-0.105576,0.022127,
GEO.venstart.reg.ad(64,:),-0.105263,0.022073,
GEO.venstart.reg.ad(65,:),-0.104950,0.022018,
GEO.venstart.reg.ad(66,:),-0.104637,0.021963,
GEO.venstart.reg.ad(67,:),-0.104323,0.021908,
GEO.venstart.reg.ad(68,:),-0.104010,0.021852,
GEO.venstart.reg.ad(69,:),-0.103697,0.021796,
GEO.venstart.reg.ad(70,:),-0.103383,0.021739,
GEO.venstart.reg.ad(71,:),-0.103070,0.021682,
GEO.venstart.reg.ad(72,:),-0.102757,0.021625,
GEO.venstart.reg.ad(73,:),-0.102444,0.021568,
GEO.venstart.reg.ad(74,:),-0.102130,0.021510,
GEO.venstart.reg.ad(75,:),-0.101817,0.021451,
GEO.venstart.reg.ad(76,:),-0.101504,0.021393,
GEO.venstart.reg.ad(77,:),-0.101190,0.021334,
GEO.venstart.reg.ad(78,:),-0.100877,0.021274,
GEO.venstart.reg.ad(79,:),-0.100564,0.021215,
GEO.venstart.reg.ad(80,:),-0.100251,0.021155,
GEO.venstart.reg.ad(81,:),-0.099937,0.021094,
GEO.venstart.reg.ad(82,:),-0.099624,0.021034,
GEO.venstart.reg.ad(83,:),-0.099311,0.020973,
GEO.venstart.reg.ad(84,:),-0.098997,0.020912,
GEO.venstart.reg.ad(85,:),-0.098684,0.020850,
GEO.venstart.reg.ad(86,:),-0.098371,0.020788,
GEO.venstart.reg.ad(87,:),-0.098058,0.020726,
GEO.venstart.reg.ad(88,:),-0.097744,0.020664,
GEO.venstart.reg.ad(89,:),-0.097431,0.020601,
GEO.venstart.reg.ad(90,:),-0.097118,0.020538,
GEO.venstart.reg.ad(91,:),-0.096805,0.020475,
GEO.venstart.reg.ad(92,:),-0.096491,0.020412,
GEO.venstart.reg.ad(93,:),-0.096178,0.020348,
GEO.venstart.reg.ad(94,:),-0.095865,0.020284,
GEO.venstart.reg.ad(95,:),-0.095551,0.020219,
GEO.venstart.reg.ad(96,:),-0.095238,0.020155,
GEO.venstart.reg.ad(97,:),-0.094925,0.020090,
GEO.venstart.reg.ad(98,:),-0.094612,0.020025,
GEO.venstart.reg.ad(99,:),-0.094298,0.019960,
GEO.venstart.reg.ad(100,:),-0.093985,0.019894,
GEO.venstart.reg.ad(101,:),-0.093672,0.019828,
GEO.venstart.reg.ad(102,:),-0.093358,0.019762,
GEO.venstart.reg.ad(103,:),-0.093045,0.019696,
GEO.venstart.reg.ad(104,:),-0.092732,0.019629,
GEO.venstart.reg.ad(105,:),-0.092419,0.019562,
GEO.venstart.reg.ad(106,:),-0.092105,0.019495,
GEO.venstart.reg.ad(107,:),-0.091792,0.019428,
GEO.venstart.reg.ad(108,:),-0.091479,0.019361,
GEO.venstart.reg.ad(109,:),-0.091165,0.019293,
GEO.venstart.reg.ad(110,:),-0.090852,0.019225,
GEO.venstart.reg.ad(111,:),-0.090539,0.019157,
GEO.venstart.reg.ad(112,:),-0.090226,0.019089,
GEO.venstart.reg.ad(113,:),-0.089912,0.019020,
GEO.venstart.reg.ad(114,:),-0.089599,0.018952,
GEO.venstart.reg.ad(115,:),-0.089286,0.018883,
GEO.venstart.reg.ad(116,:),-0.088972,0.018814,
GEO.venstart.reg.ad(117,:),-0.088659,0.018744,
GEO.venstart.reg.ad(118,:),-0.088346,0.018675,
GEO.venstart.reg.ad(119,:),-0.088033,0.018605,
GEO.venstart.reg.ad(120,:),-0.087719,0.018535,
GEO.venstart.reg.ad(121,:),-0.087406,0.018465,
GEO.venstart.reg.ad(122,:),-0.087093,0.018395,
GEO.venstart.reg.ad(123,:),-0.086779,0.018324,
GEO.venstart.reg.ad(124,:),-0.086466,0.018254,
GEO.venstart.reg.ad(125,:),-0.086153,0.018183,
GEO.venstart.reg.ad(126,:),-0.085840,0.018112,
GEO.venstart.reg.ad(127,:),-0.085526,0.018041,
GEO.venstart.reg.ad(128,:),-0.085213,0.017970,
GEO.venstart.reg.ad(129,:),-0.084900,0.017898,
GEO.venstart.reg.ad(130,:),-0.084586,0.017827,
GEO.venstart.reg.ad(131,:),-0.084273,0.017755,
GEO.venstart.reg.ad(132,:),-0.083960,0.017683,
GEO.venstart.reg.ad(133,:),-0.083647,0.017611,
GEO.venstart.reg.ad(134,:),-0.083333,0.017539,
GEO.venstart.reg.ad(135,:),-0.083020,0.017466,
GEO.venstart.reg.ad(136,:),-0.082707,0.017394,
GEO.venstart.reg.ad(137,:),-0.082393,0.017321,
GEO.venstart.reg.ad(138,:),-0.082080,0.017248,
GEO.venstart.reg.ad(139,:),-0.081767,0.017175,
GEO.venstart.reg.ad(140,:),-0.081454,0.017102,
GEO.venstart.reg.ad(141,:),-0.081140,0.017029,
GEO.venstart.reg.ad(142,:),-0.080827,0.016956,
GEO.venstart.reg.ad(143,:),-0.080514,0.016882,
GEO.venstart.reg.ad(144,:),-0.080201,0.016809,
GEO.venstart.reg.ad(145,:),-0.079887,0.016735,
GEO.venstart.reg.ad(146,:),-0.079574,0.016661,
GEO.venstart.reg.ad(147,:),-0.079261,0.016587,
GEO.venstart.reg.ad(148,:),-0.078947,0.016513,
GEO.venstart.reg.ad(149,:),-0.078634,0.016439,
GEO.venstart.reg.ad(150,:),-0.078321,0.016365,
GEO.venstart.reg.ad(151,:),-0.078008,0.016290,
GEO.venstart.reg.ad(152,:),-0.077694,0.016216,
GEO.venstart.reg.ad(153,:),-0.077381,0.016141,
GEO.venstart.reg.ad(154,:),-0.077068,0.016066,
GEO.venstart.reg.ad(155,:),-0.076754,0.015991,
GEO.venstart.reg.ad(156,:),-0.076441,0.015916,
GEO.venstart.reg.ad(157,:),-0.076128,0.015841,
GEO.venstart.reg.ad(158,:),-0.075815,0.015766,
GEO.venstart.reg.ad(159,:),-0.075501,0.015691,
GEO.venstart.reg.ad(160,:),-0.075188,0.015616,
GEO.venstart.reg.ad(161,:),-0.074875,0.015540,
GEO.venstart.reg.ad(162,:),-0.074561,0.015465,
GEO.venstart.reg.ad(163,:),-0.074248,0.015389,
GEO.venstart.reg.ad(164,:),-0.073935,0.015313,
GEO.venstart.reg.ad(165,:),-0.073622,0.015238,
GEO.venstart.reg.ad(166,:),-0.073308,0.015162,
GEO.venstart.reg.ad(167,:),-0.072995,0.015086,
GEO.venstart.reg.ad(168,:),-0.072682,0.015010,
GEO.venstart.reg.ad(169,:),-0.072368,0.014934,
GEO.venstart.reg.ad(170,:),-0.072055,0.014858,
GEO.venstart.reg.ad(171,:),-0.071742,0.014781,
GEO.venstart.reg.ad(172,:),-0.071429,0.014705,
GEO.venstart.reg.ad(173,:),-0.071115,0.014629,
GEO.venstart.reg.ad(174,:),-0.070802,0.014552,
GEO.venstart.reg.ad(175,:),-0.070489,0.014476,
GEO.venstart.reg.ad(176,:),-0.070175,0.014399,
GEO.venstart.reg.ad(177,:),-0.069862,0.014323,
GEO.venstart.reg.ad(178,:),-0.069549,0.014246,
GEO.venstart.reg.ad(179,:),-0.069236,0.014169,
GEO.venstart.reg.ad(180,:),-0.068922,0.014093,
GEO.venstart.reg.ad(181,:),-0.068609,0.014016,
GEO.venstart.reg.ad(182,:),-0.068296,0.013939,
GEO.venstart.reg.ad(183,:),-0.067982,0.013862,
GEO.venstart.reg.ad(184,:),-0.067669,0.013785,
GEO.venstart.reg.ad(185,:),-0.067356,0.013708,
GEO.venstart.reg.ad(186,:),-0.067043,0.013631,
GEO.venstart.reg.ad(187,:),-0.066729,0.013554,
GEO.venstart.reg.ad(188,:),-0.066416,0.013477,
GEO.venstart.reg.ad(189,:),-0.066103,0.013400,
GEO.venstart.reg.ad(190,:),-0.065789,0.013323,
GEO.venstart.reg.ad(191,:),-0.065476,0.013246,
GEO.venstart.reg.ad(192,:),-0.065163,0.013169,
GEO.venstart.reg.ad(193,:),-0.064850,0.013092,
GEO.venstart.reg.ad(194,:),-0.064536,0.013014,
GEO.venstart.reg.ad(195,:),-0.064223,0.012937,
GEO.venstart.reg.ad(196,:),-0.063910,0.012860,
GEO.venstart.reg.ad(197,:),-0.063596,0.012783,
GEO.venstart.reg.ad(198,:),-0.063283,0.012705,
GEO.venstart.reg.ad(199,:),-0.062970,0.012628,
GEO.venstart.reg.ad(200,:),-0.062657,0.012551,
GEO.venstart.reg.ad(201,:),-0.062343,0.012474,
GEO.venstart.reg.ad(202,:),-0.062030,0.012396,
GEO.venstart.reg.ad(203,:),-0.061717,0.012319,
GEO.venstart.reg.ad(204,:),-0.061404,0.012242,
GEO.venstart.reg.ad(205,:),-0.061090,0.012164,
GEO.venstart.reg.ad(206,:),-0.060777,0.012087,
GEO.venstart.reg.ad(207,:),-0.060464,0.012010,
GEO.venstart.reg.ad(208,:),-0.060150,0.011932,
GEO.venstart.reg.ad(209,:),-0.059837,0.011855,
GEO.venstart.reg.ad(210,:),-0.059524,0.011778,
GEO.venstart.reg.ad(211,:),-0.059211,0.011701,
GEO.venstart.reg.ad(212,:),-0.058897,0.011623,
GEO.venstart.reg.ad(213,:),-0.058584,0.011546,
GEO.venstart.reg.ad(214,:),-0.058271,0.011469,
GEO.venstart.reg.ad(215,:),-0.057957,0.011392,
GEO.venstart.reg.ad(216,:),-0.057644,0.011314,
GEO.venstart.reg.ad(217,:),-0.057331,0.011237,
GEO.venstart.reg.ad(218,:),-0.057018,0.011160,
GEO.venstart.reg.ad(219,:),-0.056704,0.011083,
GEO.venstart.reg.ad(220,:),-0.056391,0.011006,
GEO.venstart.reg.ad(221,:),-0.056078,0.010929,
GEO.venstart.reg.ad(222,:),-0.055764,0.010852,
GEO.venstart.reg.ad(223,:),-0.055451,0.010775,
GEO.venstart.reg.ad(224,:),-0.055138,0.010698,
GEO.venstart.reg.ad(225,:),-0.054825,0.010621,
GEO.venstart.reg.ad(226,:),-0.054511,0.010544,
GEO.venstart.reg.ad(227,:),-0.054198,0.010468,
GEO.venstart.reg.ad(228,:),-0.053885,0.010391,
GEO.venstart.reg.ad(229,:),-0.053571,0.010314,
GEO.venstart.reg.ad(230,:),-0.053258,0.010237,
GEO.venstart.reg.ad(231,:),-0.052945,0.010161,
GEO.venstart.reg.ad(232,:),-0.052632,0.010084,
GEO.venstart.reg.ad(233,:),-0.052318,0.010008,
GEO.venstart.reg.ad(234,:),-0.052005,0.009931,
GEO.venstart.reg.ad(235,:),-0.051692,0.009855,
GEO.venstart.reg.ad(236,:),-0.051378,0.009779,
GEO.venstart.reg.ad(237,:),-0.051065,0.009702,
GEO.venstart.reg.ad(238,:),-0.050752,0.009626,
GEO.venstart.reg.ad(239,:),-0.050439,0.009550,
GEO.venstart.reg.ad(240,:),-0.050125,0.009474,
GEO.venstart.reg.ad(241,:),-0.049812,0.009398,
GEO.venstart.reg.ad(242,:),-0.049499,0.009322,
GEO.venstart.reg.ad(243,:),-0.049185,0.009246,
GEO.venstart.reg.ad(244,:),-0.048872,0.009171,
GEO.venstart.reg.ad(245,:),-0.048559,0.009095,
GEO.venstart.reg.ad(246,:),-0.048246,0.009019,
GEO.venstart.reg.ad(247,:),-0.047932,0.008944,
GEO.venstart.reg.ad(248,:),-0.047619,0.008869,
GEO.venstart.reg.ad(249,:),-0.047306,0.008793,
GEO.venstart.reg.ad(250,:),-0.046992,0.008718,
GEO.venstart.reg.ad(251,:),-0.046679,0.008643,
GEO.venstart.reg.ad(252,:),-0.046366,0.008568,
GEO.venstart.reg.ad(253,:),-0.046053,0.008493,
GEO.venstart.reg.ad(254,:),-0.045739,0.008418,
GEO.venstart.reg.ad(255,:),-0.045426,0.008344,
GEO.venstart.reg.ad(256,:),-0.045113,0.008269,
GEO.venstart.reg.ad(257,:),-0.044799,0.008194,
GEO.venstart.reg.ad(258,:),-0.044486,0.008120,
GEO.venstart.reg.ad(259,:),-0.044173,0.008046,
GEO.venstart.reg.ad(260,:),-0.043860,0.007972,
GEO.venstart.reg.ad(261,:),-0.043546,0.007898,
GEO.venstart.reg.ad(262,:),-0.043233,0.007824,
GEO.venstart.reg.ad(263,:),-0.042920,0.007750,
GEO.venstart.reg.ad(264,:),-0.042607,0.007676,
GEO.venstart.reg.ad(265,:),-0.042293,0.007603,
GEO.venstart.reg.ad(266,:),-0.041980,0.007529,
GEO.venstart.reg.ad(267,:),-0.041667,0.007456,
GEO.venstart.reg.ad(268,:),-0.041353,0.007383,
GEO.venstart.reg.ad(269,:),-0.041040,0.007310,
GEO.venstart.reg.ad(270,:),-0.040727,0.007237,
GEO.venstart.reg.ad(271,:),-0.040414,0.007164,
GEO.venstart.reg.ad(272,:),-0.040100,0.007092,
GEO.venstart.reg.ad(273,:),-0.039787,0.007019,
GEO.venstart.reg.ad(274,:),-0.039474,0.006947,
GEO.venstart.reg.ad(275,:),-0.039160,0.006875,
GEO.venstart.reg.ad(276,:),-0.038847,0.006803,
GEO.venstart.reg.ad(277,:),-0.038534,0.006731,
GEO.venstart.reg.ad(278,:),-0.038221,0.006659,
GEO.venstart.reg.ad(279,:),-0.037907,0.006587,
GEO.venstart.reg.ad(280,:),-0.037594,0.006516,
GEO.venstart.reg.ad(281,:),-0.037281,0.006445,
GEO.venstart.reg.ad(282,:),-0.036967,0.006374,
GEO.venstart.reg.ad(283,:),-0.036654,0.006303,
GEO.venstart.reg.ad(284,:),-0.036341,0.006232,
GEO.venstart.reg.ad(285,:),-0.036028,0.006162,
GEO.venstart.reg.ad(286,:),-0.035714,0.006091,
GEO.venstart.reg.ad(287,:),-0.035401,0.006021,
GEO.venstart.reg.ad(288,:),-0.035088,0.005951,
GEO.venstart.reg.ad(289,:),-0.034774,0.005881,
GEO.venstart.reg.ad(290,:),-0.034461,0.005812,
GEO.venstart.reg.ad(291,:),-0.034148,0.005742,
GEO.venstart.reg.ad(292,:),-0.033835,0.005673,
GEO.venstart.reg.ad(293,:),-0.033521,0.005604,
GEO.venstart.reg.ad(294,:),-0.033208,0.005535,
GEO.venstart.reg.ad(295,:),-0.032895,0.005467,
GEO.venstart.reg.ad(296,:),-0.032581,0.005398,
GEO.venstart.reg.ad(297,:),-0.032268,0.005330,
GEO.venstart.reg.ad(298,:),-0.031955,0.005262,
GEO.venstart.reg.ad(299,:),-0.031642,0.005194,
GEO.venstart.reg.ad(300,:),-0.031328,0.005127,
GEO.venstart.reg.ad(301,:),-0.031015,0.005059,
GEO.venstart.reg.ad(302,:),-0.030702,0.004992,
GEO.venstart.reg.ad(303,:),-0.030388,0.004925,
GEO.venstart.reg.ad(304,:),-0.030075,0.004859,
GEO.venstart.reg.ad(305,:),-0.029762,0.004792,
GEO.venstart.reg.ad(306,:),-0.029449,0.004726,
GEO.venstart.reg.ad(307,:),-0.029135,0.004660,
GEO.venstart.reg.ad(308,:),-0.028822,0.004594,
GEO.venstart.reg.ad(309,:),-0.028509,0.004529,
GEO.venstart.reg.ad(310,:),-0.028195,0.004464,
GEO.venstart.reg.ad(311,:),-0.027882,0.004399,
GEO.venstart.reg.ad(312,:),-0.027569,0.004334,
GEO.venstart.reg.ad(313,:),-0.027256,0.004269,
GEO.venstart.reg.ad(314,:),-0.026942,0.004205,
GEO.venstart.reg.ad(315,:),-0.026629,0.004141,
GEO.venstart.reg.ad(316,:),-0.026316,0.004077,
GEO.venstart.reg.ad(317,:),-0.026003,0.004014,
GEO.venstart.reg.ad(318,:),-0.025689,0.003951,
GEO.venstart.reg.ad(319,:),-0.025376,0.003888,
GEO.venstart.reg.ad(320,:),-0.025063,0.003826,
GEO.venstart.reg.ad(321,:),-0.024749,0.003763,
GEO.venstart.reg.ad(322,:),-0.024436,0.003701,
GEO.venstart.reg.ad(323,:),-0.024123,0.003640,
GEO.venstart.reg.ad(324,:),-0.023810,0.003578,
GEO.venstart.reg.ad(325,:),-0.023496,0.003517,
GEO.venstart.reg.ad(326,:),-0.023183,0.003456,
GEO.venstart.reg.ad(327,:),-0.022870,0.003396,
GEO.venstart.reg.ad(328,:),-0.022556,0.003336,
GEO.venstart.reg.ad(329,:),-0.022243,0.003276,
GEO.venstart.reg.ad(330,:),-0.021930,0.003216,
GEO.venstart.reg.ad(331,:),-0.021617,0.003157,
GEO.venstart.reg.ad(332,:),-0.021303,0.003098,
GEO.venstart.reg.ad(333,:),-0.020990,0.003040,
GEO.venstart.reg.ad(334,:),-0.020677,0.002981,
GEO.venstart.reg.ad(335,:),-0.020363,0.002924,
GEO.venstart.reg.ad(336,:),-0.020050,0.002866,
GEO.venstart.reg.ad(337,:),-0.019737,0.002809,
GEO.venstart.reg.ad(338,:),-0.019424,0.002752,
GEO.venstart.reg.ad(339,:),-0.019110,0.002696,
GEO.venstart.reg.ad(340,:),-0.018797,0.002640,
GEO.venstart.reg.ad(341,:),-0.018484,0.002584,
GEO.venstart.reg.ad(342,:),-0.018170,0.002529,
GEO.venstart.reg.ad(343,:),-0.017857,0.002474,
GEO.venstart.reg.ad(344,:),-0.017544,0.002419,
GEO.venstart.reg.ad(345,:),-0.017231,0.002365,
GEO.venstart.reg.ad(346,:),-0.016917,0.002311,
GEO.venstart.reg.ad(347,:),-0.016604,0.002258,
GEO.venstart.reg.ad(348,:),-0.016291,0.002205,
GEO.venstart.reg.ad(349,:),-0.015977,0.002153,
GEO.venstart.reg.ad(350,:),-0.015664,0.002101,
GEO.venstart.reg.ad(351,:),-0.015351,0.002049,
GEO.venstart.reg.ad(352,:),-0.015038,0.001998,
GEO.venstart.reg.ad(353,:),-0.014724,0.001947,
GEO.venstart.reg.ad(354,:),-0.014411,0.001897,
GEO.venstart.reg.ad(355,:),-0.014098,0.001847,
GEO.venstart.reg.ad(356,:),-0.013784,0.001798,
GEO.venstart.reg.ad(357,:),-0.013471,0.001749,
GEO.venstart.reg.ad(358,:),-0.013158,0.001700,
GEO.venstart.reg.ad(359,:),-0.012845,0.001653,
GEO.venstart.reg.ad(360,:),-0.012531,0.001605,
GEO.venstart.reg.ad(361,:),-0.012218,0.001558,
GEO.venstart.reg.ad(362,:),-0.011905,0.001512,
GEO.venstart.reg.ad(363,:),-0.011591,0.001466,
GEO.venstart.reg.ad(364,:),-0.011278,0.001421,
GEO.venstart.reg.ad(365,:),-0.010965,0.001376,
GEO.venstart.reg.ad(366,:),-0.010652,0.001332,
GEO.venstart.reg.ad(367,:),-0.010338,0.001288,
GEO.venstart.reg.ad(368,:),-0.010025,0.001245,
GEO.venstart.reg.ad(369,:),-0.009712,0.001203,
GEO.venstart.reg.ad(370,:),-0.009398,0.001161,
GEO.venstart.reg.ad(371,:),-0.009085,0.001120,
GEO.venstart.reg.ad(372,:),-0.008772,0.001079,
GEO.venstart.reg.ad(373,:),-0.008459,0.001039,
GEO.venstart.reg.ad(374,:),-0.008145,0.001000,
GEO.venstart.reg.ad(375,:),-0.007832,0.000961,
GEO.venstart.reg.ad(376,:),-0.007519,0.000923,
GEO.venstart.reg.ad(377,:),-0.007206,0.000886,
GEO.venstart.reg.ad(378,:),-0.006892,0.000849,
GEO.venstart.reg.ad(379,:),-0.006579,0.000813,
GEO.venstart.reg.ad(380,:),-0.006266,0.000778,
GEO.venstart.reg.ad(381,:),-0.005952,0.000744,
GEO.venstart.reg.ad(382,:),-0.005639,0.000710,
GEO.venstart.reg.ad(383,:),-0.005326,0.000678,
GEO.venstart.reg.ad(384,:),-0.005013,0.000646,
GEO.venstart.reg.ad(385,:),-0.004699,0.000615,
GEO.venstart.reg.ad(386,:),-0.004386,0.000585,
GEO.venstart.reg.ad(387,:),-0.004073,0.000555,
GEO.venstart.reg.ad(388,:),-0.003759,0.000527,
GEO.venstart.reg.ad(389,:),-0.003446,0.000500,
GEO.venstart.reg.ad(390,:),-0.003133,0.000474,
GEO.venstart.reg.ad(391,:),-0.002820,0.000449,
GEO.venstart.reg.ad(392,:),-0.002506,0.000425,
GEO.venstart.reg.ad(393,:),-0.002193,0.000402,
GEO.venstart.reg.ad(394,:),-0.001880,0.000381,
GEO.venstart.reg.ad(395,:),-0.001566,0.000361,
GEO.venstart.reg.ad(396,:),-0.001253,0.000342,
GEO.venstart.reg.ad(397,:),-0.000940,0.000325,
GEO.venstart.reg.ad(398,:),-0.000627,0.000310,
GEO.venstart.reg.adl,0.000000,
GEO.venstart.reg.ahd,0.028353,
GEO.venstart.reg.ahs,0.028353,
GEO.venstart.reg.ald,0.000000,
GEO.venstart.reg.ale,0.000000,
GEO.venstart.reg.alr,0.000000,
GEO.venstart.reg.ar,0.016081,
GEO.venstart.reg.as(1,:),-0.004699,0.000309,
GEO.venstart.reg.as(2,:),-0.004386,0.000314,
GEO.venstart.reg.as(3,:),-0.004073,0.000323,
GEO.venstart.reg.as(4,:),-0.003759,0.000335,
GEO.venstart.reg.as(5,:),-0.003446,0.000349,
GEO.venstart.reg.as(6,:),-0.003133,0.000365,
GEO.venstart.reg.as(7,:),-0.002820,0.000383,
GEO.venstart.reg.as(8,:),-0.002506,0.000403,
GEO.venstart.reg.as(9,:),-0.002193,0.000423,
GEO.venstart.reg.as(10,:),-0.001880,0.000446,
GEO.venstart.reg.as(11,:),-0.001566,0.000469,
GEO.venstart.reg.as(12,:),-0.001253,0.000494,
GEO.venstart.reg.as(13,:),-0.000940,0.000515,
GEO.venstart.reg.as(14,:),-0.000627,0.000535,
GEO.venstart.reg.as(15,:),-0.000313,0.000559,
GEO.venstart.reg.as(16,:),0.000000,0.000585,
GEO.venstart.reg.as(17,:),0.000313,0.000613,
GEO.venstart.reg.as(18,:),0.000627,0.000641,
GEO.venstart.reg.as(19,:),0.000940,0.000671,
GEO.venstart.reg.as(20,:),0.001253,0.000701,
GEO.venstart.reg.as(21,:),0.001566,0.000733,
GEO.venstart.reg.as(22,:),0.001880,0.000765,
GEO.venstart.reg.as(23,:),0.002193,0.000799,
GEO.venstart.reg.as(24,:),0.002506,0.000833,
GEO.venstart.reg.as(25,:),0.002820,0.000868,
GEO.venstart.reg.as(26,:),0.003133,0.000904,
GEO.venstart.reg.as(27,:),0.003446,0.000940,
GEO.venstart.reg.as(28,:),0.003759,0.000978,
GEO.venstart.reg.as(29,:),0.004073,0.001016,
GEO.venstart.reg.as(30,:),0.004386,0.001055,
GEO.venstart.reg.as(31,:),0.004699,0.001094,
GEO.venstart.reg.as(32,:),0.005013,0.001134,
GEO.venstart.reg.as(33,:),0.005326,0.001175,
GEO.venstart.reg.as(34,:),0.005639,0.001216,
GEO.venstart.reg.as(35,:),0.005952,0.001258,
GEO.venstart.reg.as(36,:),0.006266,0.001301,
GEO.venstart.reg.as(37,:),0.006579,0.001344,
GEO.venstart.reg.as(38,:),0.006892,0.001388,
GEO.venstart.reg.as(39,:),0.007206,0.001432,
GEO.venstart.reg.as(40,:),0.007519,0.001477,
GEO.venstart.reg.as(41,:),0.007832,0.001523,
GEO.venstart.reg.as(42,:),0.008145,0.001569,
GEO.venstart.reg.as(43,:),0.008459,0.001615,
GEO.venstart.reg.as(44,:),0.008772,0.001662,
GEO.venstart.reg.as(45,:),0.009085,0.001710,
GEO.venstart.reg.as(46,:),0.009398,0.001758,
GEO.venstart.reg.as(47,:),0.009712,0.001806,
GEO.venstart.reg.as(48,:),0.010025,0.001855,
GEO.venstart.reg.as(49,:),0.010338,0.001905,
GEO.venstart.reg.as(50,:),0.010652,0.001955,
GEO.venstart.reg.as(51,:),0.010965,0.002005,
GEO.venstart.reg.as(52,:),0.011278,0.002056,
GEO.venstart.reg.as(53,:),0.011591,0.002108,
GEO.venstart.reg.as(54,:),0.011905,0.002159,
GEO.venstart.reg.as(55,:),0.012218,0.002212,
GEO.venstart.reg.as(56,:),0.012531,0.002264,
GEO.venstart.reg.as(57,:),0.012845,0.002317,
GEO.venstart.reg.as(58,:),0.013158,0.002371,
GEO.venstart.reg.as(59,:),0.013471,0.002425,
GEO.venstart.reg.as(60,:),0.013784,0.002479,
GEO.venstart.reg.as(61,:),0.014098,0.002534,
GEO.venstart.reg.as(62,:),0.014411,0.002589,
GEO.venstart.reg.as(63,:),0.014724,0.002644,
GEO.venstart.reg.as(64,:),0.015038,0.002700,
GEO.venstart.reg.as(65,:),0.015351,0.002756,
GEO.venstart.reg.as(66,:),0.015664,0.002813,
GEO.venstart.reg.as(67,:),0.015977,0.002870,
GEO.venstart.reg.as(68,:),0.016291,0.002927,
GEO.venstart.reg.as(69,:),0.016604,0.002985,
GEO.venstart.reg.as(70,:),0.016917,0.003043,
GEO.venstart.reg.as(71,:),0.017231,0.003101,
GEO.venstart.reg.as(72,:),0.017544,0.003160,
GEO.venstart.reg.as(73,:),0.017857,0.003219,
GEO.venstart.reg.as(74,:),0.018170,0.003278,
GEO.venstart.reg.as(75,:),0.018484,0.003338,
GEO.venstart.reg.as(76,:),0.018797,0.003398,
GEO.venstart.reg.as(77,:),0.019110,0.003458,
GEO.venstart.reg.as(78,:),0.019424,0.003519,
GEO.venstart.reg.as(79,:),0.019737,0.003580,
GEO.venstart.reg.as(80,:),0.020050,0.003641,
GEO.venstart.reg.as(81,:),0.020363,0.003703,
GEO.venstart.reg.as(82,:),0.020677,0.003765,
GEO.venstart.reg.as(83,:),0.020990,0.003827,
GEO.venstart.reg.as(84,:),0.021303,0.003889,
GEO.venstart.reg.as(85,:),0.021617,0.003952,
GEO.venstart.reg.as(86,:),0.021930,0.004015,
GEO.venstart.reg.as(87,:),0.022243,0.004078,
GEO.venstart.reg.as(88,:),0.022556,0.004142,
GEO.venstart.reg.as(89,:),0.022870,0.004206,
GEO.venstart.reg.as(90,:),0.023183,0.004270,
GEO.venstart.reg.as(91,:),0.023496,0.004334,
GEO.venstart.reg.as(92,:),0.023810,0.004399,
GEO.venstart.reg.as(93,:),0.024123,0.004464,
GEO.venstart.reg.as(94,:),0.024436,0.004529,
GEO.venstart.reg.as(95,:),0.024749,0.004594,
GEO.venstart.reg.as(96,:),0.025063,0.004660,
GEO.venstart.reg.as(97,:),0.025376,0.004726,
GEO.venstart.reg.as(98,:),0.025689,0.004792,
GEO.venstart.reg.as(99,:),0.026003,0.004858,
GEO.venstart.reg.as(100,:),0.026316,0.004925,
GEO.venstart.reg.as(101,:),0.026629,0.004991,
GEO.venstart.reg.as(102,:),0.026942,0.005058,
GEO.venstart.reg.as(103,:),0.027256,0.005126,
GEO.venstart.reg.as(104,:),0.027569,0.005193,
GEO.venstart.reg.as(105,:),0.027882,0.005261,
GEO.venstart.reg.as(106,:),0.028195,0.005329,
GEO.venstart.reg.as(107,:),0.028509,0.005397,
GEO.venstart.reg.as(108,:),0.028822,0.005465,
GEO.venstart.reg.as(109,:),0.029135,0.005534,
GEO.venstart.reg.as(110,:),0.029449,0.005603,
GEO.venstart.reg.as(111,:),0.029762,0.005671,
GEO.venstart.reg.as(112,:),0.030075,0.005741,
GEO.venstart.reg.as(113,:),0.030388,0.005810,
GEO.venstart.reg.as(114,:),0.030702,0.005879,
GEO.venstart.reg.as(115,:),0.031015,0.005949,
GEO.venstart.reg.as(116,:),0.031328,0.006019,
GEO.venstart.reg.as(117,:),0.031642,0.006089,
GEO.venstart.reg.as(118,:),0.031955,0.006159,
GEO.venstart.reg.as(119,:),0.032268,0.006230,
GEO.venstart.reg.as(120,:),0.032581,0.006301,
GEO.venstart.reg.as(121,:),0.032895,0.006371,
GEO.venstart.reg.as(122,:),0.033208,0.006442,
GEO.venstart.reg.as(123,:),0.033521,0.006513,
GEO.venstart.reg.as(124,:),0.033835,0.006585,
GEO.venstart.reg.as(125,:),0.034148,0.006656,
GEO.venstart.reg.as(126,:),0.034461,0.006728,
GEO.venstart.reg.as(127,:),0.034774,0.006800,
GEO.venstart.reg.as(128,:),0.035088,0.006872,
GEO.venstart.reg.as(129,:),0.035401,0.006944,
GEO.venstart.reg.as(130,:),0.035714,0.007016,
GEO.venstart.reg.as(131,:),0.036028,0.007088,
GEO.venstart.reg.as(132,:),0.036341,0.007161,
GEO.venstart.reg.as(133,:),0.036654,0.007234,
GEO.venstart.reg.as(134,:),0.036967,0.007306,
GEO.venstart.reg.as(135,:),0.037281,0.007379,
GEO.venstart.reg.as(136,:),0.037594,0.007452,
GEO.venstart.reg.as(137,:),0.037907,0.007526,
GEO.venstart.reg.as(138,:),0.038221,0.007599,
GEO.venstart.reg.as(139,:),0.038534,0.007673,
GEO.venstart.reg.as(140,:),0.038847,0.007746,
GEO.venstart.reg.as(141,:),0.039160,0.007820,
GEO.venstart.reg.as(142,:),0.039474,0.007894,
GEO.venstart.reg.as(143,:),0.039787,0.007968,
GEO.venstart.reg.as(144,:),0.040100,0.008042,
GEO.venstart.reg.as(145,:),0.040414,0.008116,
GEO.venstart.reg.as(146,:),0.040727,0.008190,
GEO.venstart.reg.as(147,:),0.041040,0.008265,
GEO.venstart.reg.as(148,:),0.041353,0.008340,
GEO.venstart.reg.as(149,:),0.041667,0.008414,
GEO.venstart.reg.as(150,:),0.041980,0.008489,
GEO.venstart.reg.as(151,:),0.042293,0.008564,
GEO.venstart.reg.as(152,:),0.042607,0.008639,
GEO.venstart.reg.as(153,:),0.042920,0.008714,
GEO.venstart.reg.as(154,:),0.043233,0.008789,
GEO.venstart.reg.as(155,:),0.043546,0.008864,
GEO.venstart.reg.as(156,:),0.043860,0.008940,
GEO.venstart.reg.as(157,:),0.044173,0.009015,
GEO.venstart.reg.as(158,:),0.044486,0.009091,
GEO.venstart.reg.as(159,:),0.044799,0.009166,
GEO.venstart.reg.as(160,:),0.045113,0.009242,
GEO.venstart.reg.as(161,:),0.045426,0.009318,
GEO.venstart.reg.as(162,:),0.045739,0.009394,
GEO.venstart.reg.as(163,:),0.046053,0.009469,
GEO.venstart.reg.as(164,:),0.046366,0.009545,
GEO.venstart.reg.as(165,:),0.046679,0.009622,
GEO.venstart.reg.as(166,:),0.046992,0.009698,
GEO.venstart.reg.as(167,:),0.047306,0.009774,
GEO.venstart.reg.as(168,:),0.047619,0.009850,
GEO.venstart.reg.as(169,:),0.047932,0.009927,
GEO.venstart.reg.as(170,:),0.048246,0.010003,
GEO.venstart.reg.as(171,:),0.048559,0.010079,
GEO.venstart.reg.as(172,:),0.048872,0.010156,
GEO.venstart.reg.as(173,:),0.049185,0.010233,
GEO.venstart.reg.as(174,:),0.049499,0.010309,
GEO.venstart.reg.as(175,:),0.049812,0.010386,
GEO.venstart.reg.as(176,:),0.050125,0.010463,
GEO.venstart.reg.as(177,:),0.050439,0.010539,
GEO.venstart.reg.as(178,:),0.050752,0.010616,
GEO.venstart.reg.as(179,:),0.051065,0.010693,
GEO.venstart.reg.as(180,:),0.051378,0.010770,
GEO.venstart.reg.as(181,:),0.051692,0.010847,
GEO.venstart.reg.as(182,:),0.052005,0.010924,
GEO.venstart.reg.as(183,:),0.052318,0.011001,
GEO.venstart.reg.as(184,:),0.052632,0.011078,
GEO.venstart.reg.as(185,:),0.052945,0.011155,
GEO.venstart.reg.as(186,:),0.053258,0.011232,
GEO.venstart.reg.as(187,:),0.053571,0.011309,
GEO.venstart.reg.as(188,:),0.053885,0.011387,
GEO.venstart.reg.as(189,:),0.054198,0.011464,
GEO.venstart.reg.as(190,:),0.054511,0.011541,
GEO.venstart.reg.as(191,:),0.054825,0.011618,
GEO.venstart.reg.as(192,:),0.055138,0.011695,
GEO.venstart.reg.as(193,:),0.055451,0.011773,
GEO.venstart.reg.as(194,:),0.055764,0.011850,
GEO.venstart.reg.as(195,:),0.056078,0.011927,
GEO.venstart.reg.as(196,:),0.056391,0.012005,
GEO.venstart.reg.as(197,:),0.056704,0.012082,
GEO.venstart.reg.as(198,:),0.057018,0.012159,
GEO.venstart.reg.as(199,:),0.057331,0.012236,
GEO.venstart.reg.as(200,:),0.057644,0.012314,
GEO.venstart.reg.as(201,:),0.057957,0.012391,
GEO.venstart.reg.as(202,:),0.058271,0.012468,
GEO.venstart.reg.as(203,:),0.058584,0.012546,
GEO.venstart.reg.as(204,:),0.058897,0.012623,
GEO.venstart.reg.as(205,:),0.059211,0.012700,
GEO.venstart.reg.as(206,:),0.059524,0.012778,
GEO.venstart.reg.as(207,:),0.059837,0.012855,
GEO.venstart.reg.as(208,:),0.060150,0.012932,
GEO.venstart.reg.as(209,:),0.060464,0.013009,
GEO.venstart.reg.as(210,:),0.060777,0.013087,
GEO.venstart.reg.as(211,:),0.061090,0.013164,
GEO.venstart.reg.as(212,:),0.061404,0.013241,
GEO.venstart.reg.as(213,:),0.061717,0.013318,
GEO.venstart.reg.as(214,:),0.062030,0.013395,
GEO.venstart.reg.as(215,:),0.062343,0.013472,
GEO.venstart.reg.as(216,:),0.062657,0.013549,
GEO.venstart.reg.as(217,:),0.062970,0.013626,
GEO.venstart.reg.as(218,:),0.063283,0.013703,
GEO.venstart.reg.as(219,:),0.063596,0.013780,
GEO.venstart.reg.as(220,:),0.063910,0.013857,
GEO.venstart.reg.as(221,:),0.064223,0.013934,
GEO.venstart.reg.as(222,:),0.064536,0.014011,
GEO.venstart.reg.as(223,:),0.064850,0.014088,
GEO.venstart.reg.as(224,:),0.065163,0.014165,
GEO.venstart.reg.as(225,:),0.065476,0.014241,
GEO.venstart.reg.as(226,:),0.065789,0.014318,
GEO.venstart.reg.as(227,:),0.066103,0.014395,
GEO.venstart.reg.as(228,:),0.066416,0.014471,
GEO.venstart.reg.as(229,:),0.066729,0.014548,
GEO.venstart.reg.as(230,:),0.067043,0.014624,
GEO.venstart.reg.as(231,:),0.067356,0.014700,
GEO.venstart.reg.as(232,:),0.067669,0.014777,
GEO.venstart.reg.as(233,:),0.067982,0.014853,
GEO.venstart.reg.as(234,:),0.068296,0.014929,
GEO.venstart.reg.as(235,:),0.068609,0.015005,
GEO.venstart.reg.as(236,:),0.068922,0.015081,
GEO.venstart.reg.as(237,:),0.069236,0.015157,
GEO.venstart.reg.as(238,:),0.069549,0.015233,
GEO.venstart.reg.as(239,:),0.069862,0.015309,
GEO.venstart.reg.as(240,:),0.070175,0.015384,
GEO.venstart.reg.as(241,:),0.070489,0.015460,
GEO.venstart.reg.as(242,:),0.070802,0.015536,
GEO.venstart.reg.as(243,:),0.071115,0.015611,
GEO.venstart.reg.as(244,:),0.071429,0.015687,
GEO.venstart.reg.as(245,:),0.071742,0.015762,
GEO.venstart.reg.as(246,:),0.072055,0.015837,
GEO.venstart.reg.as(247,:),0.072368,0.015912,
GEO.venstart.reg.as(248,:),0.072682,0.015987,
GEO.venstart.reg.as(249,:),0.072995,0.016062,
GEO.venstart.reg.as(250,:),0.073308,0.016137,
GEO.venstart.reg.as(251,:),0.073622,0.016211,
GEO.venstart.reg.as(252,:),0.073935,0.016286,
GEO.venstart.reg.as(253,:),0.074248,0.016361,
GEO.venstart.reg.as(254,:),0.074561,0.016435,
GEO.venstart.reg.as(255,:),0.074875,0.016509,
GEO.venstart.reg.as(256,:),0.075188,0.016583,
GEO.venstart.reg.as(257,:),0.075501,0.016657,
GEO.venstart.reg.as(258,:),0.075815,0.016731,
GEO.venstart.reg.as(259,:),0.076128,0.016805,
GEO.venstart.reg.as(260,:),0.076441,0.016879,
GEO.venstart.reg.as(261,:),0.076754,0.016952,
GEO.venstart.reg.as(262,:),0.077068,0.017026,
GEO.venstart.reg.as(263,:),0.077381,0.017099,
GEO.venstart.reg.as(264,:),0.077694,0.017172,
GEO.venstart.reg.as(265,:),0.078008,0.017245,
GEO.venstart.reg.as(266,:),0.078321,0.017318,
GEO.venstart.reg.as(267,:),0.078634,0.017391,
GEO.venstart.reg.as(268,:),0.078947,0.017463,
GEO.venstart.reg.as(269,:),0.079261,0.017536,
GEO.venstart.reg.as(270,:),0.079574,0.017608,
GEO.venstart.reg.as(271,:),0.079887,0.017680,
GEO.venstart.reg.as(272,:),0.080201,0.017752,
GEO.venstart.reg.as(273,:),0.080514,0.017824,
GEO.venstart.reg.as(274,:),0.080827,0.017896,
GEO.venstart.reg.as(275,:),0.081140,0.017967,
GEO.venstart.reg.as(276,:),0.081454,0.018038,
GEO.venstart.reg.as(277,:),0.081767,0.018110,
GEO.venstart.reg.as(278,:),0.082080,0.018181,
GEO.venstart.reg.as(279,:),0.082393,0.018251,
GEO.venstart.reg.as(280,:),0.082707,0.018322,
GEO.venstart.reg.as(281,:),0.083020,0.018393,
GEO.venstart.reg.as(282,:),0.083333,0.018463,
GEO.venstart.reg.as(283,:),0.083647,0.018533,
GEO.venstart.reg.as(284,:),0.083960,0.018603,
GEO.venstart.reg.as(285,:),0.084273,0.018673,
GEO.venstart.reg.as(286,:),0.084586,0.018742,
GEO.venstart.reg.as(287,:),0.084900,0.018812,
GEO.venstart.reg.as(288,:),0.085213,0.018881,
GEO.venstart.reg.as(289,:),0.085526,0.018950,
GEO.venstart.reg.as(290,:),0.085840,0.019019,
GEO.venstart.reg.as(291,:),0.086153,0.019087,
GEO.venstart.reg.as(292,:),0.086466,0.019156,
GEO.venstart.reg.as(293,:),0.086779,0.019224,
GEO.venstart.reg.as(294,:),0.087093,0.019292,
GEO.venstart.reg.as(295,:),0.087406,0.019360,
GEO.venstart.reg.as(296,:),0.087719,0.019427,
GEO.venstart.reg.as(297,:),0.088033,0.019495,
GEO.venstart.reg.as(298,:),0.088346,0.019562,
GEO.venstart.reg.as(299,:),0.088659,0.019629,
GEO.venstart.reg.as(300,:),0.088972,0.019695,
GEO.venstart.reg.as(301,:),0.089286,0.019762,
GEO.venstart.reg.as(302,:),0.089599,0.019828,
GEO.venstart.reg.as(303,:),0.089912,0.019894,
GEO.venstart.reg.as(304,:),0.090226,0.019959,
GEO.venstart.reg.as(305,:),0.090539,0.020025,
GEO.venstart.reg.as(306,:),0.090852,0.020090,
GEO.venstart.reg.as(307,:),0.091165,0.020155,
GEO.venstart.reg.as(308,:),0.091479,0.020220,
GEO.venstart.reg.as(309,:),0.091792,0.020284,
GEO.venstart.reg.as(310,:),0.092105,0.020348,
GEO.venstart.reg.as(311,:),0.092419,0.020412,
GEO.venstart.reg.as(312,:),0.092732,0.020476,
GEO.venstart.reg.as(313,:),0.093045,0.020539,
GEO.venstart.reg.as(314,:),0.093358,0.020602,
GEO.venstart.reg.as(315,:),0.093672,0.020665,
GEO.venstart.reg.as(316,:),0.093985,0.020728,
GEO.venstart.reg.as(317,:),0.094298,0.020790,
GEO.venstart.reg.as(318,:),0.094612,0.020852,
GEO.venstart.reg.as(319,:),0.094925,0.020914,
GEO.venstart.reg.as(320,:),0.095238,0.020975,
GEO.venstart.reg.as(321,:),0.095551,0.021036,
GEO.venstart.reg.as(322,:),0.095865,0.021097,
GEO.venstart.reg.as(323,:),0.096178,0.021157,
GEO.venstart.reg.as(324,:),0.096491,0.021217,
GEO.venstart.reg.as(325,:),0.096805,0.021277,
GEO.venstart.reg.as(326,:),0.097118,0.021337,
GEO.venstart.reg.as(327,:),0.097431,0.021396,
GEO.venstart.reg.as(328,:),0.097744,0.021455,
GEO.venstart.reg.as(329,:),0.098058,0.021513,
GEO.venstart.reg.as(330,:),0.098371,0.021571,
GEO.venstart.reg.as(331,:),0.098684,0.021629,
GEO.venstart.reg.as(332,:),0.098997,0.021686,
GEO.venstart.reg.as(333,:),0.099311,0.021743,
GEO.venstart.reg.as(334,:),0.099624,0.021800,
GEO.venstart.reg.as(335,:),0.099937,0.021857,
GEO.venstart.reg.as(336,:),0.100251,0.021913,
GEO.venstart.reg.as(337,:),0.100564,0.021968,
GEO.venstart.reg.as(338,:),0.100877,0.022023,
GEO.venstart.reg.as(339,:),0.101190,0.022078,
GEO.venstart.reg.as(340,:),0.101504,0.022133,
GEO.venstart.reg.as(341,:),0.101817,0.022187,
GEO.venstart.reg.as(342,:),0.102130,0.022240,
GEO.venstart.reg.as(343,:),0.102444,0.022294,
GEO.venstart.reg.as(344,:),0.102757,0.022347,
GEO.venstart.reg.as(345,:),0.103070,0.022399,
GEO.venstart.reg.as(346,:),0.103383,0.022451,
GEO.venstart.reg.as(347,:),0.103697,0.022502,
GEO.venstart.reg.as(348,:),0.104010,0.022554,
GEO.venstart.reg.as(349,:),0.104323,0.022604,
GEO.venstart.reg.as(350,:),0.104637,0.022654,
GEO.venstart.reg.as(351,:),0.104950,0.022704,
GEO.venstart.reg.as(352,:),0.105263,0.022753,
GEO.venstart.reg.as(353,:),0.105576,0.022802,
GEO.venstart.reg.as(354,:),0.105890,0.022851,
GEO.venstart.reg.as(355,:),0.106203,0.022898,
GEO.venstart.reg.as(356,:),0.106516,0.022946,
GEO.venstart.reg.as(357,:),0.106830,0.022992,
GEO.venstart.reg.as(358,:),0.107143,0.023039,
GEO.venstart.reg.as(359,:),0.107456,0.023085,
GEO.venstart.reg.as(360,:),0.107769,0.023130,
GEO.venstart.reg.as(361,:),0.108083,0.023174,
GEO.venstart.reg.as(362,:),0.108396,0.023219,
GEO.venstart.reg.as(363,:),0.108709,0.023262,
GEO.venstart.reg.as(364,:),0.109023,0.023305,
GEO.venstart.reg.as(365,:),0.109336,0.023347,
GEO.venstart.reg.as(366,:),0.109649,0.023389,
GEO.venstart.reg.as(367,:),0.109962,0.023430,
GEO.venstart.reg.as(368,:),0.110276,0.023471,
GEO.venstart.reg.as(369,:),0.110589,0.023511,
GEO.venstart.reg.as(370,:),0.110902,0.023550,
GEO.venstart.reg.as(371,:),0.111216,0.023589,
GEO.venstart.reg.as(372,:),0.111529,0.023627,
GEO.venstart.reg.as(373,:),0.111842,0.023664,
GEO.venstart.reg.as(374,:),0.112155,0.023700,
GEO.venstart.reg.as(375,:),0.112469,0.023736,
GEO.venstart.reg.as(376,:),0.112782,0.023771,
GEO.venstart.reg.as(377,:),0.113095,0.023805,
GEO.venstart.reg.as(378,:),0.113409,0.023838,
GEO.venstart.reg.as(379,:),0.113722,0.023871,
GEO.venstart.reg.as(380,:),0.114035,0.023903,
GEO.venstart.reg.as(381,:),0.114348,0.023934,
GEO.venstart.reg.as(382,:),0.114662,0.023964,
GEO.venstart.reg.as(383,:),0.114975,0.023993,
GEO.venstart.reg.as(384,:),0.115288,0.024021,
GEO.venstart.reg.as(385,:),0.115602,0.024048,
GEO.venstart.reg.as(386,:),0.115915,0.024074,
GEO.venstart.reg.as(387,:),0.116228,0.024098,
GEO.venstart.reg.as(388,:),0.116541,0.024122,
GEO.venstart.reg.as(389,:),0.116855,0.024145,
GEO.venstart.reg.as(390,:),0.117168,0.024166,
GEO.venstart.reg.as(391,:),0.117481,0.024186,
GEO.venstart.reg.as(392,:),0.117794,0.024204,
GEO.venstart.reg.as(393,:),0.118108,0.024221,
GEO.venstart.reg.as(394,:),0.118421,0.024236,
GEO.venstart.reg.as(395,:),0.118734,0.024249,
GEO.venstart.reg.as(396,:),0.119048,0.024259,
GEO.venstart.reg.as(397,:),0.119361,0.024267,
GEO.venstart.reg.as(398,:),0.119674,0.024272,
GEO.venstart.reg.as(399,:),0.119987,0.024268,
GEO.venstart.reg.as(400,:),0.120301,0.024264,
GEO.venstart.reg.as(401,:),0.120614,0.024263,
GEO.venstart.reg.as(402,:),0.120927,0.024261,
GEO.venstart.reg.as(403,:),0.121241,0.024259,
GEO.venstart.reg.as(404,:),0.121554,0.024258,
GEO.venstart.reg.as(405,:),0.121867,0.024256,
GEO.venstart.reg.as(406,:),0.122180,0.024254,
GEO.venstart.reg.as(407,:),0.122494,0.024252,
GEO.venstart.reg.as(408,:),0.122807,0.024249,
GEO.venstart.reg.as(409,:),0.123120,0.024246,
GEO.venstart.reg.as(410,:),0.123434,0.024243,
GEO.venstart.reg.as(411,:),0.123747,0.024239,
GEO.venstart.reg.as(412,:),0.124060,0.024230,
GEO.venstart.reg.as(413,:),0.124373,0.024230,
GEO.venstart.reg.as(414,:),0.124687,0.024230,
GEO.venstart.reg.as(415,:),0.125000,0.024230,
GEO.venstart.reg.asl,0.000000,
GEO.venstart.reg.c,2.119565,
GEO.venstart.reg.cbase,0.750000,
GEO.venstart.reg.cd,0.610000,
GEO.venstart.reg.cp,0.000000,
GEO.venstart.reg.dh,0.190000,
GEO.venstart.reg.dld,0.000000,
GEO.venstart.reg.dlh,0.000000,
GEO.venstart.reg.dlr,0.000000,
GEO.venstart.reg.dr,0.125000,
GEO.venstart.reg.eps,0.000000,
GEO.venstart.reg.fdyf,2.000000,
GEO.venstart.reg.fspr,-27.900000,
GEO.venstart.reg.fstf,2.000000,
GEO.venstart.reg.ks,120.000000,
GEO.venstart.reg.ld,0.000000,
GEO.venstart.reg.ls,0.000000,
GEO.venstart.reg.m,0.055000,
GEO.venstart.reg.sftd,0.000000,
GEO.venstart.reg.sfts,0.000000,
GEO.venstart.reg.tm.ki,0.000000,
GEO.venstart.reg.vmax,1000.000000,
GEO.venstart.reg.vmin,-1000.000000,
GEO.venstart.reg.win.CLEAR,0.000400,
GEO.venstart.reg.win.DBIAS,0.000000,
GEO.venstart.reg.win.DORIFD,0.125000,
GEO.venstart.reg.win.DORIFS,0.125000,
GEO.venstart.reg.win.HOLES,2.000000,
GEO.venstart.reg.win.SBIAS,0.005000,
GEO.venstart.reg.win.UNDERLAP,-0.001000,
GEO.venstart.reg.win.WD,0.000000,
GEO.venstart.reg.win.WS,0.000000,
GEO.venstart.reg.xmax,0.125000,
GEO.venstart.reg.xmin,-0.011000,
GEO.venstart.rrv.ad(1,:),0.000000,0.000000,
GEO.venstart.rrv.ad(2,:),0.002564,0.000026,
GEO.venstart.rrv.ad(3,:),0.005128,0.000105,
GEO.venstart.rrv.ad(4,:),0.007692,0.000237,
GEO.venstart.rrv.ad(5,:),0.010256,0.000421,
GEO.venstart.rrv.ad(6,:),0.012821,0.000657,
GEO.venstart.rrv.ad(7,:),0.015385,0.000947,
GEO.venstart.rrv.ad(8,:),0.017949,0.001289,
GEO.venstart.rrv.ad(9,:),0.020513,0.001683,
GEO.venstart.rrv.ad(10,:),0.023077,0.002130,
GEO.venstart.rrv.ad(11,:),0.025641,0.002630,
GEO.venstart.rrv.ad(12,:),0.028205,0.003182,
GEO.venstart.rrv.ad(13,:),0.030769,0.003787,
GEO.venstart.rrv.ad(14,:),0.033333,0.004444,
GEO.venstart.rrv.ad(15,:),0.035897,0.005155,
GEO.venstart.rrv.ad(16,:),0.038462,0.005917,
GEO.venstart.rrv.ad(17,:),0.041026,0.006732,
GEO.venstart.rrv.ad(18,:),0.043590,0.007600,
GEO.venstart.rrv.ad(19,:),0.046154,0.008521,
GEO.venstart.rrv.ad(20,:),0.048718,0.009494,
GEO.venstart.rrv.ad(21,:),0.051282,0.010000,
GEO.venstart.rrv.ad(22,:),0.053846,0.010000,
GEO.venstart.rrv.ad(23,:),0.056410,0.010000,
GEO.venstart.rrv.ad(24,:),0.058974,0.010000,
GEO.venstart.rrv.ad(25,:),0.061538,0.010000,
GEO.venstart.rrv.ad(26,:),0.064103,0.010000,
GEO.venstart.rrv.ad(27,:),0.066667,0.010000,
GEO.venstart.rrv.ad(28,:),0.069231,0.010000,
GEO.venstart.rrv.ad(29,:),0.071795,0.010000,
GEO.venstart.rrv.ad(30,:),0.074359,0.010000,
GEO.venstart.rrv.ad(31,:),0.076923,0.010000,
GEO.venstart.rrv.ad(32,:),0.079487,0.010000,
GEO.venstart.rrv.ad(33,:),0.082051,0.010000,
GEO.venstart.rrv.ad(34,:),0.084615,0.010000,
GEO.venstart.rrv.ad(35,:),0.087179,0.010000,
GEO.venstart.rrv.ad(36,:),0.089744,0.010000,
GEO.venstart.rrv.ad(37,:),0.092308,0.010000,
GEO.venstart.rrv.ad(38,:),0.094872,0.010000,
GEO.venstart.rrv.ad(39,:),0.097436,0.010000,
GEO.venstart.rrv.ad(40,:),0.100000,0.010000,
GEO.venstart.rrv.ah(1,:),0.000000,0.000000,
GEO.venstart.rrv.ah(2,:),0.002564,0.000000,
GEO.venstart.rrv.ah(3,:),0.005128,0.000000,
GEO.venstart.rrv.ah(4,:),0.007692,0.000000,
GEO.venstart.rrv.ah(5,:),0.010256,0.000000,
GEO.venstart.rrv.ah(6,:),0.012821,0.000000,
GEO.venstart.rrv.ah(7,:),0.015385,0.000000,
GEO.venstart.rrv.ah(8,:),0.017949,0.000000,
GEO.venstart.rrv.ah(9,:),0.020513,0.000000,
GEO.venstart.rrv.ah(10,:),0.023077,0.000000,
GEO.venstart.rrv.ah(11,:),0.025641,0.000000,
GEO.venstart.rrv.ah(12,:),0.028205,0.000000,
GEO.venstart.rrv.ah(13,:),0.030769,0.000000,
GEO.venstart.rrv.ah(14,:),0.033333,0.000000,
GEO.venstart.rrv.ah(15,:),0.035897,0.000000,
GEO.venstart.rrv.ah(16,:),0.038462,0.000000,
GEO.venstart.rrv.ah(17,:),0.041026,0.000000,
GEO.venstart.rrv.ah(18,:),0.043590,0.000000,
GEO.venstart.rrv.ah(19,:),0.046154,0.000000,
GEO.venstart.rrv.ah(20,:),0.048718,0.000000,
GEO.venstart.rrv.ah(21,:),0.051282,0.000000,
GEO.venstart.rrv.ah(22,:),0.053846,0.000000,
GEO.venstart.rrv.ah(23,:),0.056410,0.000000,
GEO.venstart.rrv.ah(24,:),0.058974,0.000000,
GEO.venstart.rrv.ah(25,:),0.061538,0.000000,
GEO.venstart.rrv.ah(26,:),0.064103,0.000000,
GEO.venstart.rrv.ah(27,:),0.066667,0.000000,
GEO.venstart.rrv.ah(28,:),0.069231,0.000000,
GEO.venstart.rrv.ah(29,:),0.071795,0.000000,
GEO.venstart.rrv.ah(30,:),0.074359,0.000000,
GEO.venstart.rrv.ah(31,:),0.076923,0.000000,
GEO.venstart.rrv.ah(32,:),0.079487,0.000000,
GEO.venstart.rrv.ah(33,:),0.082051,0.000000,
GEO.venstart.rrv.ah(34,:),0.084615,0.000000,
GEO.venstart.rrv.ah(35,:),0.087179,0.000000,
GEO.venstart.rrv.ah(36,:),0.089744,0.000000,
GEO.venstart.rrv.ah(37,:),0.092308,0.000000,
GEO.venstart.rrv.ah(38,:),0.094872,0.000000,
GEO.venstart.rrv.ah(39,:),0.097436,0.000000,
GEO.venstart.rrv.ah(40,:),0.100000,0.000000,
GEO.venstart.rrv.ao,0.007854,
GEO.venstart.rrv.ax1,0.017671,
GEO.venstart.rrv.ax2,0.017671,
GEO.venstart.rrv.ax3,0.000000,
GEO.venstart.rrv.ax4,0.000000,
GEO.venstart.rrv.c,0.000000,
GEO.venstart.rrv.cd,0.700000,
GEO.venstart.rrv.cdo,0.610000,
GEO.venstart.rrv.cp,0.430000,
GEO.venstart.rrv.d,0.100000,
GEO.venstart.rrv.eps,0.000000,
GEO.venstart.rrv.fdyf,0.000000,
GEO.venstart.rrv.fspr,0.090000,
GEO.venstart.rrv.fstf,0.000000,
GEO.venstart.rrv.ks,10.000000,
GEO.venstart.rrv.ld,0.000000,
GEO.venstart.rrv.lh,0.000000,
GEO.venstart.rrv.m,0.002050,
GEO.venstart.rrv.ms,0.000100,
GEO.venstart.rrv.mv,0.002000,
GEO.venstart.rrv.sftd,0.000000,
GEO.venstart.rrv.sfth,0.000000,
GEO.venstart.rrv.vmax,1000000000000.000000,
GEO.venstart.rrv.vmin,-1000000000000.000000,
GEO.venstart.rrv.xmax,0.050000,
GEO.venstart.rrv.xmin,0.000000,
GEO.venstart.vo_pb1.vol,77.900000,
GEO.venstart.vo_pb2.vol,5.000000,
GEO.venstart.vo_pcham.vol,3.200000,
GEO.venstart.vo_px.vol,0.200000,
GEO.venstart.ytqa(1,:),0.000000,1.392000,
GEO.venstart.ytqa(2,:),0.500000,1.386000,
GEO.venstart.ytqa(3,:),1.000000,1.380000,
GEO.venstart.ytqa(4,:),2.000000,1.366000,
GEO.venstart.ytqa(5,:),3.000000,1.352000,
GEO.venstart.ytqa(6,:),4.000000,1.336000,
GEO.venstart.ytqa(7,:),5.000000,1.320000,
GEO.venstart.ytqa(8,:),6.000000,1.303000,
GEO.venstart.ytqa(9,:),7.000000,1.284000,
GEO.venstart.ytqa(10,:),8.000000,1.264000,
GEO.venstart.ytqa(11,:),9.000000,1.244000,
GEO.venstart.ytqa(12,:),10.000000,1.222000,
GEO.venstart.ytqa(13,:),11.000000,1.199000,
GEO.venstart.ytqa(14,:),12.000000,1.176000,
GEO.venstart.ytqa(15,:),13.000000,1.151000,
GEO.venstart.ytqa(16,:),14.000000,1.125000,
GEO.venstart.ytqa(17,:),15.000000,1.098000,
GEO.venstart.ytqa(18,:),16.000000,1.070000,
GEO.venstart.ytqa(19,:),17.000000,1.042000,
GEO.venstart.ytqa(20,:),18.000000,1.012000,
GEO.venstart.ytqa(21,:),19.000000,0.981000,
GEO.venstart.ytqa(22,:),20.000000,0.949000,
GEO.venstart.ytqa(23,:),21.000000,0.916000,
GEO.venstart.ytqa(24,:),21.700000,0.892000,
GEO.venstart.ytqa(25,:),22.000000,0.882000,
GEO.venstart.ytqa(26,:),23.000000,0.847000,
GEO.venstart.ytqa(27,:),24.000000,0.811000,
GEO.venstart.ytqa(28,:),25.000000,0.774000,
GEO.venstart.ytqa(29,:),26.000000,0.736000,
GEO.venstart.ytqrs(1,:),0.000000,732.200000,
GEO.venstart.ytqrs(2,:),0.500000,723.100000,
GEO.venstart.ytqrs(3,:),1.000000,713.700000,
GEO.venstart.ytqrs(4,:),2.000000,694.000000,
GEO.venstart.ytqrs(5,:),3.000000,673.100000,
GEO.venstart.ytqrs(6,:),4.000000,651.400000,
GEO.venstart.ytqrs(7,:),5.000000,628.700000,
GEO.venstart.ytqrs(8,:),6.000000,605.300000,
GEO.venstart.ytqrs(9,:),7.000000,581.200000,
GEO.venstart.ytqrs(10,:),8.000000,556.400000,
GEO.venstart.ytqrs(11,:),9.000000,531.200000,
GEO.venstart.ytqrs(12,:),10.000000,505.400000,
GEO.venstart.ytqrs(13,:),11.000000,479.300000,
GEO.venstart.ytqrs(14,:),12.000000,452.900000,
GEO.venstart.ytqrs(15,:),13.000000,426.100000,
GEO.venstart.ytqrs(16,:),14.000000,399.100000,
GEO.venstart.ytqrs(17,:),15.000000,371.100000,
GEO.venstart.ytqrs(18,:),16.000000,344.600000,
GEO.venstart.ytqrs(19,:),17.000000,317.900000,
GEO.venstart.ytqrs(20,:),18.000000,289.600000,
GEO.venstart.ytqrs(21,:),19.000000,262.100000,
GEO.venstart.ytqrs(22,:),20.000000,234.500000,
GEO.venstart.ytqrs(23,:),21.000000,207.000000,
GEO.venstart.ytqrs(24,:),21.700000,187.800000,
GEO.venstart.ytqrs(25,:),22.000000,179.600000,
GEO.venstart.ytqrs(26,:),23.000000,152.200000,
GEO.venstart.ytqrs(27,:),24.000000,124.900000,
GEO.venstart.ytqrs(28,:),25.000000,98.800000,
GEO.venstart.ytqrs(29,:),26.000000,70.900000,
GEO.vo_p1.n,1.000000,
GEO.vo_p1.vol,5.300000,
GEO.vo_pnozin.vol,20.000000,
GEO.vo_px1.vol,0.100000,
GEO.vo_px2.vol,0.100000,
