G.acsupply.acbst.a,0.075,,,,,,,,,
G.acsupply.acbst.b,-1.59,,,,,,,,,
G.acsupply.acbst.c,-102,,,,,,,,,
G.acsupply.acbst.d,0,,,,,,,,,
G.acsupply.acbst.r1,0,,,,,,,,,
G.acsupply.acbst.r2,2,,,,,,,,,
G.acsupply.acbst.tau,0.00127,,,,,,,,,
G.acsupply.acbst.type,'cpmp',,,,,,,,,
G.acsupply.acbst.w1,0,,,,,,,,,
G.acsupply.acbst.w2,1,,,,,,,,,
G.acsupply.acmbst.a,0.116,,,,,,,,,
G.acsupply.acmbst.b,0,,,,,,,,,
G.acsupply.acmbst.c,0,,,,,,,,,
G.acsupply.acmbst.d,0,,,,,,,,,
G.acsupply.acmbst.r1,0,,,,,,,,,
G.acsupply.acmbst.r2,2,,,,,,,,,
G.acsupply.acmbst.tau,0.00127,,,,,,,,,
G.acsupply.acmbst.type,'cpmp',,,,,,,,,
G.acsupply.acmbst.w1,1,,,,,,,,,
G.acsupply.acmbst.w2,1,,,,,,,,,
G.acsupply.lengine.a,2.922499,,,,,,,,,
G.acsupply.lengine.c,100,,,,,,,,,
G.acsupply.lengine.l,49.213,,,,,,,,,
G.acsupply.lengine.n,9,,,,,,,,,
G.acsupply.lengine.type,'pMV',,,,,,,,,
G.acsupply.lengine.vol,143.824932,,,,,,,,,
G.acsupply.ltank.a,2.805521,,,,,,,,,
G.acsupply.ltank.c,100,,,,,,,,,
G.acsupply.ltank.l,0.1,,,,,,,,,
G.acsupply.ltank.n,1,,,,,,,,,
G.acsupply.ltank.type,'pMV',,,,,,,,,
G.acsupply.ltank.vol,0.280552,,,,,,,,,
G.acsupply.motor.ao,0.038158,,,,,,,,,
G.acsupply.motor.cd,0.61,,,,,,,,,
G.acsupply.motor.type,'or',,,,,,,,,
G.ebp.boost.a,0.52,,,,,,,,,
G.ebp.boost.b,6.6,,,,,,,,,
G.ebp.boost.c,-316,,,,,,,,,
G.ebp.boost.d,0,,,,,,,,,
G.ebp.boost.r1,0,,,,,,,,,
G.ebp.boost.r2,2.55,,,,,,,,,
G.ebp.boost.tau,0.00127,,,,,,,,,
G.ebp.boost.type,'cpmp',,,,,,,,,
G.ebp.boost.w1,1,,,,,,,,,
G.ebp.boost.w2,0.2,,,,,,,,,
G.ebp.faboc.a,0.7,,,,,,,,,
G.ebp.faboc.c,100,,,,,,,,,
G.ebp.faboc.l,30,,,,,,,,,
G.ebp.faboc.n,3,,,,,,,,,
G.ebp.faboc.type,'pMM',,,,,,,,,
G.ebp.faboc.vol,23.5,,,,,,,,,
G.ebp.focOr.ao,0.212823,,,,,,,,,
G.ebp.focOr.cd,0.61,,,,,,,,,
G.ebp.focOr.type,'or',,,,,,,,,
G.ebp.inlet.a,2.956667,,,,,,,,,
G.ebp.inlet.c,0,,,,,,,,,
G.ebp.inlet.l,30,,,,,,,,,
G.ebp.inlet.n,3,,,,,,,,,
G.ebp.inlet.type,'pMM',,,,,,,,,
G.ebp.inlet.vol,88.7,,,,,,,,,
G.ebp.mfp.a,1.395,,,,,,,,,
G.ebp.mfp.b,11.43,,,,,,,,,
G.ebp.mfp.c,-201.8,,,,,,,,,
G.ebp.mfp.d,0,,,,,,,,,
G.ebp.mfp.r1,0.7,,,,,,,,,
G.ebp.mfp.r2,1.55,,,,,,,,,
G.ebp.mfp.tau,0.00127,,,,,,,,,
G.ebp.mfp.type,'cpmp',,,,,,,,,
G.ebp.mfp.w1,0.16,,,,,,,,,
G.ebp.mfp.w2,0.16,,,,,,,,,
G.ebp.mom_filt.area,1.116667,,,,,,,,,
G.ebp.mom_filt.length,6,,,,,,,,,
G.ebp.mom_filt.max_flow,1000000,,,,,,,,,
G.ebp.mom_filt.min_flow,-1000000,,,,,,,,,
G.ebp.mom_filt.type,'mom',,,,,,,,,
G.ebp.ocm1.a,0.7,,,,,,,,,
G.ebp.ocm1.c,100,,,,,,,,,
G.ebp.ocm1.l,12,,,,,,,,,
G.ebp.ocm1.n,3,,,,,,,,,
G.ebp.ocm1.type,'pMM',,,,,,,,,
G.ebp.ocm1.vol,8.4,,,,,,,,,
G.ebp.ocm2.a,0.7,,,,,,,,,
G.ebp.ocm2.c,100,,,,,,,,,
G.ebp.ocm2.l,6,,,,,,,,,
G.ebp.ocm2.n,1,,,,,,,,,
G.ebp.ocm2.type,'pVM',,,,,,,,,
G.ebp.ocm2.vol,4.2,,,,,,,,,
G.ebp.or_filt.ao,3.565615,,,,,,,,,
G.ebp.or_filt.cd,0.61,,,,,,,,,
G.ebp.or_filt.type,'or',,,,,,,,,
G.ebp.vo_pb1.beta,135000,,,,,,,,,
G.ebp.vo_pb1.dwdc,103.951584,,,,,,,,,
G.ebp.vo_pb1.tvp,7,,,,,,,,,
G.ebp.vo_pb1.type,'vol',,,,,,,,,
G.ebp.vo_pb1.vol,77.9,,,,,,,,,
G.ebp.vo_pb2.beta,135000,,,,,,,,,
G.ebp.vo_pb2.dwdc,103.951584,,,,,,,,,
G.ebp.vo_pb2.tvp,7,,,,,,,,,
G.ebp.vo_pb2.type,'vol',,,,,,,,,
G.ebp.vo_pb2.vol,5,,,,,,,,,
G.ebp.vo_poc.beta,135000,,,,,,,,,
G.ebp.vo_poc.dwdc,103.951584,,,,,,,,,
G.ebp.vo_poc.tvp,7,,,,,,,,,
G.ebp.vo_poc.type,'vol',,,,,,,,,
G.ebp.vo_poc.vol,36,,,,,,,,,
G.ebp.wf1leak.Ao,0.000618,,,,,,,,,
G.ebp.wf1leak.Do,0.028047,,,,,,,,,
G.ebp.wf1leak.k,0.30981,,,,,,,,,
G.ebp.wf1leak.type,'wf1leak',,,,,,,,,
G.eng.ctstd,0,,,,,,,,,
G.eng.dps3dwt.tb,[330.000000 0.020000;805.000000 0.014000;3669.000000 0.011200;6515.000000 0.010500;12598.000000 0.010700;17400.000000 0.010900],sx,1,dx,0,sz,1,dz,0,
G.eng.N25100Pct,17210,,,,,,,,,
G.eng.N25c100Pct,13420,,,,,,,,,
G.eng.N2c100Pct,10693,,,,,,,,,
G.eng.pcn25r.tb,[-1.000000 -10.000000;1.000000 10.000000;2.000000 20.000000],sx,1,dx,0,sz,1,dz,0,
G.eng.pcn25rt.tb,[330.000000 13.000000;805.000000 82.520000;3669.000000 91.210000;6515.000000 93.300000;12598.000000 96.310000;17400.000000 97.400000],sx,1,dx,0,sz,1,dz,0,
G.eng.pcn2rt.tb,[330.000000 0.000000;805.000000 34.720000;3669.000000 79.670000;6515.000000 90.760000;12598.000000 100.000000;17400.000000 110.000000],sx,1,dx,0,sz,1,dz,0,
G.eng.ps3t.tb,[330.000000 15.000000;805.000000 56.000000;3669.000000 179.000000;6515.000000 274.000000;12598.000000 441.000000;17400.000000 545.000000],sx,1,dx,0,sz,1,dz,0,
G.eng.sawfb,[0.000400 0.000400 0.000400 0.000400 0.000400 0.000400 0.000400 0.000400 0.000400 0.000400 0.000400 0.000400 0.000400 0.000400 0.000400 0.000400 0.000400 ],,,,,,,,,
G.eng.sfxven,[1.000000 1.000000 0.000000 0.000000 4000.000000 6000.000000 6500.000000 7000.000000 8000.000000 10000.000000 12000.000000 12000.000000 20000.000000 0.000000 25000.000000 ],,,,,,,,,
G.eng.spcn25,[15.000000 40.000000 67.000000 72.000000 75.000000 80.000000 85.000000 90.000000 93.000000 95.000000 97.500000 100.000000 95.000000 95.000000 95.000000 ],,,,,,,,,
G.eng.swf,[430.000000 600.000000 760.000000 1180.000000 1750.000000 2500.000000 5140.000000 7020.000000 9060.000000 11115.000000 14000.000000 16910.000000 11115.000000 11115.000000 11115.000000 ],,,,,,,,,
G.eng.t25t.tb,[330.000000 519.000000;805.000000 566.000000;3669.000000 708.000000;6515.000000 779.000000;12598.000000 866.000000;17400.000000 900.000000],sx,1,dx,0,sz,1,dz,0,
G.eng.xn25p,17210,,,,,,,,,
G.eng.xnmainpt,27139,,,,,,,,,
G.eng.xnvent,8108,,,,,,,,,
G.ifc.a_p3s.ao,0.000143,,,,,,,,,
G.ifc.a_p3s.cd,0.73,,,,,,,,,
G.ifc.a_p3s.type,'or',,,,,,,,,
G.ifc.a_tvb.ao,0.000804,,,,,,,,,
G.ifc.a_tvb.cd,0.73,,,,,,,,,
G.ifc.a_tvb.type,'or',,,,,,,,,
G.ifc.a1leak,0.000618,,,,,,,,,
G.ifc.check.ad,tb,[-1.000000 -10.000000;1.000000 10.000000;2.000000 20.000000],sx,1,dx,0,sz,1,dz,0
G.ifc.check.ah,tb,[-1.000000 -10.000000;1.000000 10.000000;2.000000 20.000000],sx,1,dx,0,sz,1,dz,0
G.ifc.check.ao,1,,,,,,,,,
G.ifc.check.ax1,0,,,,,,,,,
G.ifc.check.ax2,0,,,,,,,,,
G.ifc.check.ax3,0,,,,,,,,,
G.ifc.check.ax4,0,,,,,,,,,
G.ifc.check.c,0,,,,,,,,,
G.ifc.check.cd,0.61,,,,,,,,,
G.ifc.check.cdo,0.61,,,,,,,,,
G.ifc.check.clin,0,,,,,,,,,
G.ifc.check.cp,0.69,,,,,,,,,
G.ifc.check.fdyf,0,,,,,,,,,
G.ifc.check.fs,15.8,,,,,,,,,
G.ifc.check.fstf,0,,,,,,,,,
G.ifc.check.ks,24.4,,,,,,,,,
G.ifc.check.ld,0,,,,,,,,,
G.ifc.check.lh,0,,,,,,,,,
G.ifc.check.m,5,,,,,,,,,
G.ifc.check.type,'vlv_a',,,,,,,,,
G.ifc.check.xmax,1,,,,,,,,,
G.ifc.check.xmin,-1,,,,,,,,,
G.ifc.hs.ae,0.307,,,,,,,,,
G.ifc.hs.ao,0.012272,,,,,,,,,
G.ifc.hs.c,0,,,,,,,,,
G.ifc.hs.cdo,1,,,,,,,,,
G.ifc.hs.f_an,0.002376,,,,,,,,,
G.ifc.hs.f_cn,0.75,,,,,,,,,
G.ifc.hs.f_dn,0.055,,,,,,,,,
G.ifc.hs.f_ln,0.003,,,,,,,,,
G.ifc.hs.fb,-2.4,,,,,,,,,
G.ifc.hs.fdyf,0,,,,,,,,,
G.ifc.hs.fs,12.6,,,,,,,,,
G.ifc.hs.fstf,0,,,,,,,,,
G.ifc.hs.kb,0,,,,,,,,,
G.ifc.hs.ks,520,,,,,,,,,
G.ifc.hs.m,0.049846,,,,,,,,,
G.ifc.hs.type,'hdb',,,,,,,,,
G.ifc.hs.xmax,0.0325,,,,,,,,,
G.ifc.hs.xmin,0,,,,,,,,,
G.ifc.k1leak,0.3098,,,,,,,,,
G.ifc.ln_p3s.a,0.027612,,,,,,,,,
G.ifc.ln_p3s.c,0,,,,,,,,,
G.ifc.ln_p3s.l,11,,,,,,,,,
G.ifc.ln_p3s.n,1,,,,,,,,,
G.ifc.ln_p3s.type,'pVM',,,,,,,,,
G.ifc.ln_p3s.vol,0.303728,,,,,,,,,
G.ifc.mo_p3s.area,0.000143,,,,,,,,,
G.ifc.mo_p3s.length,0.01,,,,,,,,,
G.ifc.mo_p3s.max_flow,1000000,,,,,,,,,
G.ifc.mo_p3s.min_flow,-1000000,,,,,,,,,
G.ifc.mo_p3s.type,'mom',,,,,,,,,
G.ifc.mv.arc,0,,,,,,,,,
G.ifc.mv.arx,0,,,,,,,,,
G.ifc.mv.asr,0,,,,,,,,,
G.ifc.mv.at,tb,[0.000000 0.000000;0.000352 0.000032;0.001410 0.000127;0.003172 0.000285;0.005638 0.000507;0.008810 0.000793;0.012686 0.001142;0.017268 0.001554;0.022554 0.002030;0.028544 0.002569;0.035240 0.003172;0.042640 0.003838;0.050746 0.004567;0.059556 0.005360;0.069070 0.006251;0.079290 0.007315;0.090214 0.008576;0.101844 0.010058;0.114178 0.011789;0.127216 0.013795;0.140960 0.016107;0.155408 0.018755;0.170561 0.021773;0.186419 0.025193;0.202982 0.029053;0.220250 0.033390;0.238222 0.038243;0.256899 0.043652;0.276281 0.049896;0.296368 0.057571;0.317160 0.066825;0.338656 0.077795;0.360857 0.090621;0.383763 0.105447;0.407374 0.122422;0.431690 0.141700;0.456710 0.163441;0.482435 0.187807;0.508865 0.214966;0.536000 0.245090],sx,1,dx,0,sz,1,dz,0
G.ifc.mv.awd,0,,,,,,,,,
G.ifc.mv.awx,0,,,,,,,,,
G.ifc.mv.ax1,1.227,,,,,,,,,
G.ifc.mv.ax2,0,,,,,,,,,
G.ifc.mv.ax3,0,,,,,,,,,
G.ifc.mv.axa,0,,,,,,,,,
G.ifc.mv.c,0,,,,,,,,,
G.ifc.mv.cd,0.69,,,,,,,,,
G.ifc.mv.cp,0,,,,,,,,,
G.ifc.mv.fdyf,0,,,,,,,,,
G.ifc.mv.fstf,0,,,,,,,,,
G.ifc.mv.m,0.497,,,,,,,,,
G.ifc.mv.type,'hlfvlv_a',,,,,,,,,
G.ifc.mv.xmax,0.536,,,,,,,,,
G.ifc.mv.xmin,-0.1,,,,,,,,,
G.ifc.mvtv.ad,tb,[-0.050000 0.000000;-0.040513 0.000379;-0.031026 0.000759;-0.021538 0.001138;-0.012051 0.001518;-0.002564 0.001897;0.006923 0.002725;0.016410 0.003834;0.025897 0.005092;0.035385 0.006519;0.044872 0.008140;0.054359 0.009978;0.063846 0.012065;0.073333 0.014433;0.082821 0.017120;0.092308 0.020169;0.101795 0.023630;0.111282 0.027557;0.120769 0.032013;0.130256 0.037070;0.139744 0.042809;0.149231 0.049322;0.158718 0.056713;0.168205 0.065100;0.177692 0.074617;0.187179 0.085418;0.196667 0.097675;0.206154 0.111584;0.215641 0.127369;0.225128 0.145281;0.234615 0.165608;0.244103 0.188473;0.253590 0.211907;0.263077 0.235340;0.272564 0.258773;0.282051 0.282207;0.291538 0.305640;0.301026 0.329073;0.310513 0.352507;0.320000 0.375940],sx,1,dx,0,sz,1,dz,0
G.ifc.mvtv.ah,tb,[-1.000000 0.000000;1.000000 0.000000],sx,1,dx,0,sz,1,dz,0
G.ifc.mvtv.ao,0.19635,,,,,,,,,
G.ifc.mvtv.ax1,0.785398,,,,,,,,,
G.ifc.mvtv.ax2,0.99402,,,,,,,,,
G.ifc.mvtv.ax3,0,,,,,,,,,
G.ifc.mvtv.ax4,0,,,,,,,,,
G.ifc.mvtv.c,0,,,,,,,,,
G.ifc.mvtv.cd,0.7,,,,,,,,,
G.ifc.mvtv.cdo,0.7,,,,,,,,,
G.ifc.mvtv.clin,0.1,,,,,,,,,
G.ifc.mvtv.cp,0,,,,,,,,,
G.ifc.mvtv.fdyf,0,,,,,,,,,
G.ifc.mvtv.fs,25.2,,,,,,,,,
G.ifc.mvtv.fstf,0,,,,,,,,,
G.ifc.mvtv.ks,69,,,,,,,,,
G.ifc.mvtv.ld,0,,,,,,,,,
G.ifc.mvtv.lh,0,,,,,,,,,
G.ifc.mvtv.m,0.265457,,,,,,,,,
G.ifc.mvtv.type,'vlv_a',,,,,,,,,
G.ifc.mvtv.xmax,0.36,,,,,,,,,
G.ifc.mvtv.xmin,-0.12,,,,,,,,,
G.ifc.mvwin.tb,[-1.000000 -10.000000;1.000000 10.000000;2.000000 20.000000],sx,1,dx,0,sz,1,dz,0,
G.ifc.prtv.ad,tb,[-1.000000 -10.000000;1.000000 10.000000;2.000000 20.000000],sx,1,dx,0,sz,1,dz,0
G.ifc.prtv.ah,tb,[-1.000000 -10.000000;1.000000 10.000000;2.000000 20.000000],sx,1,dx,0,sz,1,dz,0
G.ifc.prtv.ao,1,,,,,,,,,
G.ifc.prtv.ax1,0.076945,,,,,,,,,
G.ifc.prtv.ax2,0,,,,,,,,,
G.ifc.prtv.ax3,0,,,,,,,,,
G.ifc.prtv.ax4,0,,,,,,,,,
G.ifc.prtv.c,0,,,,,,,,,
G.ifc.prtv.cd,0.61,,,,,,,,,
G.ifc.prtv.cdo,0.61,,,,,,,,,
G.ifc.prtv.clin,0,,,,,,,,,
G.ifc.prtv.cp,0.69,,,,,,,,,
G.ifc.prtv.fdyf,0,,,,,,,,,
G.ifc.prtv.fs,24,,,,,,,,,
G.ifc.prtv.fstf,0,,,,,,,,,
G.ifc.prtv.ks,70,,,,,,,,,
G.ifc.prtv.ld,0,,,,,,,,,
G.ifc.prtv.lh,0,,,,,,,,,
G.ifc.prtv.m,5,,,,,,,,,
G.ifc.prtv.type,'vlv_a',,,,,,,,,
G.ifc.prtv.xmax,1,,,,,,,,,
G.ifc.prtv.xmin,-1,,,,,,,,,
G.ifc.vo_p1so.beta,135000,,,,,,,,,
G.ifc.vo_p1so.dwdc,103.951584,,,,,,,,,
G.ifc.vo_p1so.tvp,7,,,,,,,,,
G.ifc.vo_p1so.type,'vol',,,,,,,,,
G.ifc.vo_p1so.vol,14,,,,,,,,,
G.ifc.vo_p3.beta,135000,,,,,,,,,
G.ifc.vo_p3.dwdc,103.951584,,,,,,,,,
G.ifc.vo_p3.tvp,7,,,,,,,,,
G.ifc.vo_p3.type,'vol',,,,,,,,,
G.ifc.vo_p3.vol,5.61,,,,,,,,,
G.ifc.vo_p3s.beta,135000,,,,,,,,,
G.ifc.vo_p3s.dwdc,103.951584,,,,,,,,,
G.ifc.vo_p3s.tvp,7,,,,,,,,,
G.ifc.vo_p3s.type,'vol',,,,,,,,,
G.ifc.vo_p3s.vol,1.5,,,,,,,,,
G.ifc.vo_pd.beta,135000,,,,,,,,,
G.ifc.vo_pd.dwdc,103.951584,,,,,,,,,
G.ifc.vo_pd.tvp,7,,,,,,,,,
G.ifc.vo_pd.type,'vol',,,,,,,,,
G.ifc.vo_pd.vol,9.6,,,,,,,,,
G.ifc.vo_px.beta,135000,,,,,,,,,
G.ifc.vo_px.dwdc,103.951584,,,,,,,,,
G.ifc.vo_px.tvp,7,,,,,,,,,
G.ifc.vo_px.type,'vol',,,,,,,,,
G.ifc.vo_px.vol,1.6,,,,,,,,,
G.mline.ln_vs.a,0.144304,,,,,,,,,
G.mline.ln_vs.c,0.001,,,,,,,,,
G.mline.ln_vs.l,23.7,,,,,,,,,
G.mline.ln_vs.n,8,,,,,,,,,
G.mline.ln_vs.type,'pVM',,,,,,,,,
G.mline.ln_vs.vol,3.42,,,,,,,,,
G.mline.main_line.a,0.363,,,,,,,,,
G.mline.main_line.c,0,,,,,,,,,
G.mline.main_line.l,48,,,,,,,,,
G.mline.main_line.n,5,,,,,,,,,
G.mline.main_line.type,'pMM',,,,,,,,,
G.mline.main_line.vol,17.424,,,,,,,,,
G.mline.noz.tb,[125.000000 0.000000;130.000000 540.000000;154.000000 900.000000;265.000000 6300.000000;365.000000 10440.000000;450.000000 13590.000000;510.000000 15300.000000;573.000000 16560.000000;615.000000 17000.000000;735.000000 18000.000000],sx,1,dx,0,sz,1,dz,0,
G.mline.vo_pnozin.beta,135000,,,,,,,,,
G.mline.vo_pnozin.dwdc,103.951584,,,,,,,,,
G.mline.vo_pnozin.tvp,7,,,,,,,,,
G.mline.vo_pnozin.type,'vol',,,,,,,,,
G.mline.vo_pnozin.vol,20,,,,,,,,,
G.ven.bias.ab,0,,,,,,,,,
G.ven.bias.ah,0.227329,,,,,,,,,
G.ven.bias.ahl,0,,,,,,,,,
G.ven.bias.ar,0.198976,,,,,,,,,
G.ven.bias.arl,0,,,,,,,,,
G.ven.bias.c_,0.7,,,,,,,,,
G.ven.bias.cd_,0.61,,,,,,,,,
G.ven.bias.fdyf,0,,,,,,,,,
G.ven.bias.fstf,0,,,,,,,,,
G.ven.bias.mact,0.0383,,,,,,,,,
G.ven.bias.mext,0,,,,,,,,,
G.ven.bias.type,'aab',,,,,,,,,
G.ven.bias.xmax,0.1736,,,,,,,,,
G.ven.bias.xmin,0,,,,,,,,,
G.ven.fsb,12.54,,,,,,,,,
G.ven.ksb,650,,,,,,,,,
G.ven.leako.ecc,0,,,,,,,,,
G.ven.leako.l,0.292,,,,,,,,,
G.ven.leako.r,0.095,,,,,,,,,
G.ven.leako.rad_clear,0.0004,,,,,,,,,
G.ven.leako.type,'la',,,,,,,,,
G.ven.pact.ab,0,,,,,,,,,
G.ven.pact.ah,0.56745,,,,,,,,,
G.ven.pact.ahl,0,,,,,,,,,
G.ven.pact.ar,0.56745,,,,,,,,,
G.ven.pact.arl,0,,,,,,,,,
G.ven.pact.c_,100,,,,,,,,,
G.ven.pact.cd_,0.61,,,,,,,,,
G.ven.pact.fdyf,10,,,,,,,,,
G.ven.pact.fstf,10,,,,,,,,,
G.ven.pact.mact,0,,,,,,,,,
G.ven.pact.mext,18.678576,,,,,,,,,
G.ven.pact.type,'aab',,,,,,,,,
G.ven.pact.xmax,0.287,,,,,,,,,
G.ven.pact.xmin,0.00873,,,,,,,,,
G.ven.pact_lk.ecc,0,,,,,,,,,
G.ven.pact_lk.l,0.292,,,,,,,,,
G.ven.pact_lk.r,0.095,,,,,,,,,
G.ven.pact_lk.rad_clear,0.0004,,,,,,,,,
G.ven.pact_lk.type,'la',,,,,,,,,
G.ven.reg.ad,tb,[0.000000 0.000000;0.003205 0.000000;0.006410 0.000021;0.009615 0.000039;0.012821 0.000051;0.016026 0.000060;0.019231 0.000069;0.022436 0.000077;0.025641 0.000084;0.028846 0.000090;0.032051 0.000097;0.035256 0.000103;0.038462 0.000109;0.041667 0.000114;0.044872 0.000120;0.048077 0.000125;0.051282 0.000131;0.054487 0.000136;0.057692 0.000141;0.060897 0.000146;0.064103 0.000152;0.067308 0.000157;0.070513 0.000162;0.073718 0.000167;0.076923 0.000172;0.080128 0.000177;0.083333 0.000183;0.086538 0.000188;0.089744 0.000193;0.092949 0.000199;0.096154 0.000205;0.099359 0.000211;0.102564 0.000217;0.105769 0.000223;0.108974 0.000230;0.112179 0.000237;0.115385 0.000244;0.118590 0.000253;0.121795 0.000262;0.125000 0.000286],sx,1,dx,0,sz,1,dz,0
G.ven.reg.adl,0,,,,,,,,,
G.ven.reg.ahd,0.028353,,,,,,,,,
G.ven.reg.ahs,0.028353,,,,,,,,,
G.ven.reg.ald,0,,,,,,,,,
G.ven.reg.ale,0,,,,,,,,,
G.ven.reg.alr,0,,,,,,,,,
G.ven.reg.ar,0.016081,,,,,,,,,
G.ven.reg.as,tb,[0.000000 0.024544;0.003205 0.024544;0.006410 0.024515;0.009615 0.024290;0.012821 0.023955;0.016026 0.023542;0.019231 0.023068;0.022436 0.022543;0.025641 0.021974;0.028846 0.021368;0.032051 0.020730;0.035256 0.020062;0.038462 0.019370;0.041667 0.018656;0.044872 0.017923;0.048077 0.017174;0.051282 0.016411;0.054487 0.015637;0.057692 0.014855;0.060897 0.014066;0.064103 0.013272;0.067308 0.012477;0.070513 0.011681;0.073718 0.010887;0.076923 0.010097;0.080128 0.009314;0.083333 0.008539;0.086538 0.007775;0.089744 0.007024;0.092949 0.006289;0.096154 0.005573;0.099359 0.004877;0.102564 0.004207;0.105769 0.003565;0.108974 0.002954;0.112179 0.002381;0.115385 0.001851;0.118590 0.001370;0.121795 0.000949;0.125000 0.000585],sx,1,dx,0,sz,1,dz,0
G.ven.reg.asl,0,,,,,,,,,
G.ven.reg.c,0.75,,,,,,,,,
G.ven.reg.cd,0.61,,,,,,,,,
G.ven.reg.cp,0,,,,,,,,,
G.ven.reg.fdyf,2,,,,,,,,,
G.ven.reg.fs,-27.9,,,,,,,,,
G.ven.reg.fstf,2,,,,,,,,,
G.ven.reg.ks,120,,,,,,,,,
G.ven.reg.ld,0,,,,,,,,,
G.ven.reg.ls,0,,,,,,,,,
G.ven.reg.m,0.055,,,,,,,,,
G.ven.reg.type,'tv_a1',,,,,,,,,
G.ven.reg.xmax,0.125,,,,,,,,,
G.ven.reg.xmin,-0.011,,,,,,,,,
G.ven.rrv.ad,tb,[0.000000 0.000000;0.002564 0.000026;0.005128 0.000105;0.007692 0.000237;0.010256 0.000421;0.012821 0.000657;0.015385 0.000947;0.017949 0.001289;0.020513 0.001683;0.023077 0.002130;0.025641 0.002630;0.028205 0.003182;0.030769 0.003787;0.033333 0.004444;0.035897 0.005155;0.038462 0.005917;0.041026 0.006732;0.043590 0.007600;0.046154 0.008521;0.048718 0.009494;0.051282 0.010000;0.053846 0.010000;0.056410 0.010000;0.058974 0.010000;0.061538 0.010000;0.064103 0.010000;0.066667 0.010000;0.069231 0.010000;0.071795 0.010000;0.074359 0.010000;0.076923 0.010000;0.079487 0.010000;0.082051 0.010000;0.084615 0.010000;0.087179 0.010000;0.089744 0.010000;0.092308 0.010000;0.094872 0.010000;0.097436 0.010000;0.100000 0.010000],sx,1,dx,0,sz,1,dz,0
G.ven.rrv.ah,tb,[0.000000 0.000000;1.000000 0.000000],sx,1,dx,0,sz,1,dz,0
G.ven.rrv.ao,0.007854,,,,,,,,,
G.ven.rrv.ax1,0.017671,,,,,,,,,
G.ven.rrv.ax2,0.017671,,,,,,,,,
G.ven.rrv.ax3,0,,,,,,,,,
G.ven.rrv.ax4,0,,,,,,,,,
G.ven.rrv.c,0,,,,,,,,,
G.ven.rrv.cd,0.7,,,,,,,,,
G.ven.rrv.cdo,0.61,,,,,,,,,
G.ven.rrv.clin,0,,,,,,,,,
G.ven.rrv.cp,0.43,,,,,,,,,
G.ven.rrv.fdyf,0,,,,,,,,,
G.ven.rrv.fs,0.09,,,,,,,,,
G.ven.rrv.fstf,0,,,,,,,,,
G.ven.rrv.ks,10,,,,,,,,,
G.ven.rrv.ld,0,,,,,,,,,
G.ven.rrv.lh,0,,,,,,,,,
G.ven.rrv.m,0.00205,,,,,,,,,
G.ven.rrv.type,'vlv_a',,,,,,,,,
G.ven.rrv.xmax,0.05,,,,,,,,,
G.ven.rrv.xmin,0,,,,,,,,,
G.ven.vdpp.cf,-0.02,,,,,,,,,
G.ven.vdpp.cn,0,,,,,,,,,
G.ven.vdpp.cs,0,,,,,,,,,
G.ven.vdpp.ct,0.00096,,,,,,,,,
G.ven.vdpp.type,'vdp',,,,,,,,,
G.ven.vleak.ecc,0,,,,,,,,,
G.ven.vleak.l,0,,,,,,,,,
G.ven.vleak.r,0,,,,,,,,,
G.ven.vleak.rad_clear,0,,,,,,,,,
G.ven.vleak.type,'la',,,,,,,,,
G.ven.vlink.cdv,0,,,,,,,,,
G.ven.vlink.cftpa,0.3969,,,,,,,,,
G.ven.vlink.ctqpv,0.4418,,,,,,,,,
G.ven.vlink.cva,1.588,,,,,,,,,
G.ven.vlink.type,'vlk',,,,,,,,,
G.ven.vlink.ytqa,tb,[0.000000 1.392000;0.500000 1.386000;1.000000 1.380000;2.000000 1.366000;3.000000 1.352000;4.000000 1.336000;5.000000 1.320000;6.000000 1.303000;7.000000 1.284000;8.000000 1.264000;9.000000 1.244000;10.000000 1.222000;11.000000 1.199000;12.000000 1.176000;13.000000 1.151000;14.000000 1.125000;15.000000 1.098000;16.000000 1.070000;17.000000 1.042000;18.000000 1.012000;19.000000 0.981000;20.000000 0.949000;21.000000 0.916000;21.700000 0.892000;22.000000 0.882000;23.000000 0.847000;24.000000 0.811000;25.000000 0.774000;26.000000 0.736000],sx,1,dx,0,sz,1,dz,0
G.ven.vlink.ytqrs,tb,[0.000000 732.200000;0.500000 723.100000;1.000000 713.700000;2.000000 694.000000;3.000000 673.100000;4.000000 651.400000;5.000000 628.700000;6.000000 605.300000;7.000000 581.200000;8.000000 556.400000;9.000000 531.200000;10.000000 505.400000;11.000000 479.300000;12.000000 452.900000;13.000000 426.100000;14.000000 399.100000;15.000000 371.100000;16.000000 344.600000;17.000000 317.900000;18.000000 289.600000;19.000000 262.100000;20.000000 234.500000;21.000000 207.000000;21.700000 187.800000;22.000000 179.600000;23.000000 152.200000;24.000000 124.900000;25.000000 98.800000;26.000000 70.900000],sx,1,dx,0,sz,1,dz,0
G.ven.vo_pcham.beta,135000,,,,,,,,,
G.ven.vo_pcham.dwdc,103.951584,,,,,,,,,
G.ven.vo_pcham.tvp,7,,,,,,,,,
G.ven.vo_pcham.type,'vol',,,,,,,,,
G.ven.vo_pcham.vol,1.6,,,,,,,,,
G.ven.vo_px.beta,135000,,,,,,,,,
G.ven.vo_px.dwdc,103.951584,,,,,,,,,
G.ven.vo_px.tvp,7,,,,,,,,,
G.ven.vo_px.type,'vol',,,,,,,,,
G.ven.vo_px.vol,0.2,,,,,,,,,
G.ven.vsv.ad,tb,[-1.000000 0.000000;1.000000 0.000000],sx,1,dx,0,sz,1,dz,0
G.ven.vsv.ah,tb,[0.000000 0.094221;0.003205 0.091543;0.006410 0.088864;0.009615 0.086186;0.012821 0.083507;0.016026 0.080829;0.019231 0.078150;0.022436 0.075472;0.025641 0.072794;0.028846 0.070115;0.032051 0.067437;0.035256 0.064758;0.038462 0.062080;0.041667 0.059402;0.044872 0.056723;0.048077 0.054045;0.051282 0.051366;0.054487 0.048688;0.057692 0.046010;0.060897 0.043331;0.064103 0.040653;0.067308 0.037974;0.070513 0.035296;0.073718 0.032618;0.076923 0.029939;0.080128 0.027261;0.083333 0.024582;0.086538 0.021904;0.089744 0.019225;0.092949 0.016547;0.096154 0.013869;0.099359 0.011190;0.102564 0.008512;0.105769 0.006124;0.108974 0.004713;0.112179 0.003411;0.115385 0.002240;0.118590 0.001233;0.121795 0.000440;0.125000 0.000000],sx,1,dx,0,sz,1,dz,0
G.ven.vsv.ao,0.000201,,,,,,,,,
G.ven.vsv.ax1,0.055446,,,,,,,,,
G.ven.vsv.ax2,0.055446,,,,,,,,,
G.ven.vsv.ax3,0,,,,,,,,,
G.ven.vsv.ax4,0.055446,,,,,,,,,
G.ven.vsv.c,0,,,,,,,,,
G.ven.vsv.cd,0.7,,,,,,,,,
G.ven.vsv.cdo,0.61,,,,,,,,,
G.ven.vsv.clin,0.24,,,,,,,,,
G.ven.vsv.cp,0.43,,,,,,,,,
G.ven.vsv.fdyf,0,,,,,,,,,
G.ven.vsv.fs,15.8,,,,,,,,,
G.ven.vsv.fstf,0,,,,,,,,,
G.ven.vsv.ks,50,,,,,,,,,
G.ven.vsv.ld,0,,,,,,,,,
G.ven.vsv.lh,0,,,,,,,,,
G.ven.vsv.m,0.105912,,,,,,,,,
G.ven.vsv.type,'vlv_a',,,,,,,,,
G.ven.vsv.xmax,0.125,,,,,,,,,
G.ven.vsv.xmin,0,,,,,,,,,
G.venload.act_c.ab,0.000763,,,,,,,,,
G.venload.act_c.ah,9.246558,,,,,,,,,
G.venload.act_c.ahl,0,,,,,,,,,
G.venload.act_c.ar,7.443421,,,,,,,,,
G.venload.act_c.arl,0.000112,,,,,,,,,
G.venload.act_c.c_,40,,,,,,,,,
G.venload.act_c.cd_,0.85,,,,,,,,,
G.venload.act_c.fdyf,20,,,,,,,,,
G.venload.act_c.fstf,20,,,,,,,,,
G.venload.act_c.mact,0,,,,,,,,,
G.venload.act_c.mext,200,,,,,,,,,
G.venload.act_c.type,'aac',,,,,,,,,
G.venload.act_c.xmax,5.265,,,,,,,,,
G.venload.act_c.xmin,0,,,,,,,,,
G.venload.ehsv.ael,0.000318,,,,,,,,,
G.venload.ehsv.ah,0.209117,,,,,,,,,
G.venload.ehsv.amn,0,,,,,,,,,
G.venload.ehsv.ar,0.177701,,,,,,,,,
G.venload.ehsv.awin_dh,tb,[-0.037300 0.000000;0.001067 0.000000;0.001068 0.000000;0.076219 0.047797;0.083933 0.000000;0.085000 0.000000],sx,1,dx,0,sz,1,dz,0
G.venload.ehsv.awin_dr,tb,[-0.042700 0.000000;0.001067 0.000000;0.001068 0.000000;0.037300 0.023044],sx,1,dx,0,sz,1,dz,0
G.venload.ehsv.awin_sh,tb,[-0.042700 0.000000;0.001067 0.000000;0.001068 0.000000;0.037300 0.023044],sx,1,dx,0,sz,1,dz,0
G.venload.ehsv.awin_sr,tb,[-0.037300 0.000000;0.001067 0.000000;0.001068 0.000000;0.076219 0.047797;0.083933 0.000000;0.085000 0.000000],sx,1,dx,0,sz,1,dz,0
G.venload.ehsv.cd_,0.61,,,,,,,,,
G.venload.ehsv.cdl,0.61,,,,,,,,,
G.venload.ehsv.dp_s,1000,,,,,,,,,
G.venload.ehsv.kel,0,,,,,,,,,
G.venload.ehsv.kix,-0.001067,,,,,,,,,
G.venload.ehsv.mA_x,tb,[-100.000000 -25.000000;0.085000 0.053333],sx,1,dx,0,sz,1,dz,0
G.venload.ehsv.mA_x0,tb,[-25.000000 25.000000;-0.053333 0.000000],sx,1,dx,0,sz,1,dz,0
G.venload.ehsv.mAnull,25,,,,,,,,,
G.venload.ehsv.minPressure,10,,,,,,,,,
G.venload.ehsv.tau_s,0.00637,,,,,,,,,
G.venload.ehsv.type,'fehsv2',,,,,,,,,
G.venload.ehsv.underlap,-0.001068,,,,,,,,,
G.venload.ehsv.vmax_s,1.243323,,,,,,,,,
G.venload.ehsv.vmin_s,-1.243323,,,,,,,,,
G.venload.ehsv.wdh,0.636,,,,,,,,,
G.venload.ehsv.wdr,0.636,,,,,,,,,
G.venload.ehsv.wn_s,157.079633,,,,,,,,,
G.venload.ehsv.wsh,0.636,,,,,,,,,
G.venload.ehsv.wsr,0.636,,,,,,,,,
G.venload.ehsv.xmax,0.0427,,,,,,,,,
G.venload.ehsv.xmaxS,0.085,,,,,,,,,
G.venload.ehsv.xmin,-0.0373,,,,,,,,,
G.venload.ehsv.xmxc_rat,1.785,,,,,,,,,
G.venload.ehsv.xmxc_s,0.085,,,,,,,,,
G.venload.ehsv.zeta_s,0.5,,,,,,,,,
G.venload.ehsv_klk,0.000002,,,,,,,,,
G.venload.ehsv_powlk,0.8,,,,,,,,,
G.venload.rline.a,0.145161,,,,,,,,,
G.venload.rline.c,0,,,,,,,,,
G.venload.rline.l,93,,,,,,,,,
G.venload.rline.n,12,,,,,,,,,
G.venload.rline.type,'pVM',,,,,,,,,
G.venload.rline.vol,13.5,,,,,,,,,
G.venload.vo_hcham.beta,135000,,,,,,,,,
G.venload.vo_hcham.dwdc,103.951584,,,,,,,,,
G.venload.vo_hcham.tvp,7,,,,,,,,,
G.venload.vo_hcham.type,'vol',,,,,,,,,
G.venload.vo_hcham.vol,60,,,,,,,,,
G.venload.vo_rcham.beta,135000,,,,,,,,,
G.venload.vo_rcham.dwdc,103.951584,,,,,,,,,
G.venload.vo_rcham.tvp,7,,,,,,,,,
G.venload.vo_rcham.type,'vol',,,,,,,,,
G.venload.vo_rcham.vol,25,,,,,,,,,
